Division Name,Section,Block,Unit,Street Number,Street Name,Street Type,Alternate Street Number,Alternate Street Name,Alternate Street Type,Alternate Division Name,Date added to Register,Date removed from Register
AINSLIE,21,2,,71,Ebden,Street,,,,,29-Jun-15,27-Feb-17
AINSLIE,21,30,,28,Cox,Street,,,,,29-Jun-15,10-Jan-17
AINSLIE,21,7,1,61A,Ebden,Street,,,,,29-Jun-15,10-Jan-17
AINSLIE,34,12,,48,Cowper,Street,,,,,29-Jun-15,10-Jan-17
AINSLIE,63,8,,34,Chisholm,Street,,,,,29-Jun-15,10-Feb-16
AINSLIE,64,10,,37,Canning,Street,,,,,29-Jun-15,16-Dec-16
AINSLIE,66,7,,10,Hoddle,Gardens,,,,,29-Jun-15,23-Aug-17
AINSLIE,77,1,,31,Chisholm,Street,2,Ebden,Street,,29-Jun-15,19-Jan-18
AINSLIE,86,31,,117,Duffy,Street,,,,,29-Jun-15,21-Feb-17
AINSLIE,89,16,,10,Hannan,Crescent,,,,,29-Jun-15,18-Mar-16
AINSLIE,96,4,,35,Hannan,Crescent,,,,,29-Jun-15,10-Jan-17
AINSLIE,96,8,,27,Hannan,Crescent,,,,,29-Jun-15,21-Feb-17
AINSLIE,97,9,,49,Officer,Crescent,,,,,29-Jun-15,17-Feb-17
AINSLIE,99,21,,44,Hannan,Crescent,,,,,29-Jun-15,07-Feb-17
AINSLIE,101,8,,36,Duffy,Street,,,,,29-Jun-15,21-Apr-17
AINSLIE,106,12,,143,Duffy,Street,,,,,29-Jun-15,08-Mar-16
ARANDA,2,7,,13,Arabana,Street,,,,,29-Jun-15,16-Mar-16
ARANDA,4,16,,55,Banambila,Street,,,,,29-Jun-15,15-Nov-16
ARANDA,7,1,,14,Nungara,Street,14,Nungara,Place,,29-Jun-15,29-Nov-16
ARANDA,7,28,1,103,Bandjalong,Crescent,,,,,29-Jun-15,25-Jun-19
ARANDA,12,18,,95,Bandjalong,Crescent,,,,,29-Jun-15,13-Jul-16
ARANDA,12,19,,93,Bandjalong,Crescent,,,,,29-Jun-15,25-Jul-16
ARANDA,14,1,,12,Marulda,Street,,,,,29-Jun-15,23-Sep-16
ARANDA,14,3,,8,Marulda,Street,,,,,29-Jun-15,29-Nov-16
ARANDA,17,21,,3,Amangu,Street,,,,,29-Jun-15,13-Jul-16
ARANDA,31,5,,10,Marawa,Place,,,,,29-Jun-15,26-Oct-18
ARANDA,33,10,,11,Marulda,Street,,,,,29-Jun-15,25-Jul-16
ARANDA,33,8,,15,Marulda,Street,,,,,29-Jun-15,29-Nov-16
ARANDA,35,2,,100,Bandjalong,Crescent,,,,,29-Jun-15,13-Jul-16
ARANDA,36,9,,4,Janari,Place,,,,,29-Jun-15,06-Sep-16
ARANDA,38,6,,130,Bandjalong,Crescent,,,,,29-Jun-15,17-Feb-17
ARANDA,42,4,,30,Wangara,Street,,,,,29-Jun-15,20-Sep-16
ARANDA,44,2,,13,Juwin,Street,,,,,29-Jun-15,
BARTON,26,14,,6,Belmore,Gardens,,,,,29-Jun-15,23-Aug-17
BRADDON,4,49,,27,Burra,Place,,,,,29-Jun-15,17-Sep-18
BRADDON,46,3,1,31,Batman,Street,,,,,29-Jun-15,26-Oct-18
CAMPBELL,8,8,,5,Key,Street,92,Creswell,Street,,29-Jun-15,24-Nov-16
CAMPBELL,17,3,,22,Creswell,Street,,,,,29-Jun-15,24-Nov-16
CAMPBELL,30,4,,114,Vasey,Crescent,,,,,29-Jun-15,15-Nov-16
CAMPBELL,36,15,,54,Vasey,Crescent,,,,,29-Jun-15,24-Nov-16
CAMPBELL,53,6,,9,Truscott,Street,22,Godfrey,Street,,29-Jun-15,14-Jun-18
CAMPBELL,54,18,,35,Godfrey,Street,,,,,29-Jun-15,24-Mar-17
CAMPBELL,57,20,,51,Holmes,Crescent,,,,,29-Jun-15,10-Feb-16
CHAPMAN,1,2,,52,Darwinia,Terrace,,,,,29-Jun-15,08-Mar-16
CHAPMAN,3,19,,8,Ordell,Street,,,,,29-Jun-15,24-Mar-16
CHAPMAN,4,33,,19,Monkman,Street,,,,,29-Jun-15,16-Mar-16
CHAPMAN,5,16,,84,Monkman,Street,18,Titheradge,Place,,29-Jun-15,16-Mar-16
CHAPMAN,5,2,,4,Freebody,Place,3,Titheradge,Place,,29-Jun-15,18-Feb-16
CHAPMAN,6,1,,74,Darwinia,Terrace,34,Rafferty,Street,,29-Jun-15,10-Feb-16
CHAPMAN,6,14,,100,Darwinia,Terrace,,,,,29-Jun-15,17-Feb-17
CHAPMAN,11,35,,5,Lazar,Place,,,,,29-Jun-15,09-Jul-20
CHAPMAN,17,10,,10,Emery,Street,,,,,29-Jun-15,16-Mar-16
CHAPMAN,17,8,,6,Emery,Street,,,,,29-Jun-15,16-Mar-16
CHAPMAN,26,9,,8,Brough,Place,,,,,29-Jun-15,16-Mar-16
CHAPMAN,27,3,,5,Brough,Place,,,,,29-Jun-15,16-Mar-16
CHAPMAN,31,9,,83,Doyle,Terrace,,,,,29-Jun-15,10-Feb-16
CHAPMAN,34,7,,93,Doyle,Terrace,2,Redgrave,Place,,29-Jun-15,10-Feb-16
CHAPMAN,36,23,,3,Lipman,Street,,,,,29-Jun-15,31-May-16
CHAPMAN,37,20,,3,Tudawalli,Place,,,,,29-Jun-15,16-Mar-16
CHAPMAN,42,17,,48,Sidaway,Street,,,,,29-Jun-15,07-Dec-17
CHAPMAN,42,22,,58,Sidaway,Street,,,,,29-Jun-15,03-Mar-16
CHAPMAN,42,23,,60,Sidaway,Street,,,,,29-Jun-15,24-Mar-16
CHAPMAN,42,29,,72,Sidaway,Street,,,,,29-Jun-15,03-Mar-16
CHAPMAN,43,6,,69,Sidaway,Street,,,,,29-Jun-15,03-Mar-16
CHAPMAN,44,23,,2,Darrell,Place,33,Beaumont,Close,,29-Jun-15,24-Mar-16
CHAPMAN,44,25,,6,Darrell,Place,,,,,29-Jun-15,21-Oct-20
CHAPMAN,44,31,,5,Niblo,Place,,,,,29-Jun-15,16-Jan-17
CHARNWOOD,5,13,,21,Cooney,Court,,,,,29-Jun-15,12-Dec-16
CHARNWOOD,11,8,,15,Laman,Place,,,,,29-Jun-15,24-Nov-16
CHARNWOOD,14,10,,14,Warby,Place,,,,,29-Jun-15,15-Nov-16
CHARNWOOD,16,6,,11,Kingham,Place,,,,,29-Jun-15,16-Jan-17
CHARNWOOD,16,7,,13,Kingham,Place,,,,,29-Jun-15,16-Jan-17
CHARNWOOD,16,8,,15,Kingham,Place,,,,,29-Jun-15,16-Jan-17
CHARNWOOD,18,2,,4,Boot,Place,,,,,29-Jun-15,15-Nov-16
CHARNWOOD,19,1,,1,Boot,Place,,,,,29-Jun-15,15-Nov-16
CHARNWOOD,19,2,,3,Boot,Place,,,,,29-Jun-15,14-Oct-16
CHARNWOOD,32,9,,16,Schaffer,Place,,,,,29-Jun-15,15-Nov-16
CHARNWOOD,48,5,,10,Forsyth,Place,,,,,29-Jun-15,29-Nov-16
CHARNWOOD,50,12,,5,Forsyth,Place,,,,,29-Jun-15,24-Nov-16
CHARNWOOD,50,14,,1,Forsyth,Place,,,,,29-Jun-15,24-Nov-16
CHIFLEY,2,6,1,3A,Anderson,Street,,,,,29-Jun-15,05-Apr-19
CHIFLEY,3,19,,34,Maclaurin,Crescent,,,,,29-Jun-15,11-May-17
CHIFLEY,4,2,,31,Maclaurin,Crescent,,,,,29-Jun-15,05-May-17
CHIFLEY,10,5,,18,Renwick,Street,,,,,29-Jun-15,05-May-17
CHIFLEY,11,6,,9,Renwick,Street,,,,,29-Jun-15,28-Sep-20
CHIFLEY,21,21,,4,Barff,Place,,,,,29-Jun-15,11-May-17
CHIFLEY,21,22,,6,Barff,Place,,,,,29-Jun-15,11-May-17
CHIFLEY,22,7,,6,Wood,Place,,,,,29-Jun-15,11-May-17
CHIFLEY,23,9,,7,Wurth,Place,,,,,29-Jun-15,25-May-17
CHIFLEY,26,17,,11,Warren,Place,,,,,29-Jun-15,24-Oct-16
CHIFLEY,26,2,,41,Threlfall,Street,55,Macfarland,Crescent,,29-Jun-15,26-May-17
CHIFLEY,26,22,,1,Warren,Place,21,Threlfall,Street,,29-Jun-15,01-May-17
CHIFLEY,28,13,,51,Macfarland,Crescent,42,Threlfall,Street,,29-Jun-15,25-May-17
CHIFLEY,28,6,,13,Mauldon,Street,,,,,29-Jun-15,11-May-17
CHIFLEY,28,8,,9,Mauldon,Street,,,,,29-Jun-15,05-May-17
CHIFLEY,32,7,,50,Gledden,Street,10,Charteris,Crescent,,29-Jun-15,01-May-17
CHIFLEY,33,34,,3,Charteris,Crescent,,,,,29-Jun-15,01-May-17
COOK,5,2,,3,Lyttleton,Crescent,,,,,29-Jun-15,21-Dec-17
COOK,15,41,,3,Atkinson,Street,,,,,29-Jun-15,20-Jun-16
COOK,17,20,,26,Henry,Street,2,Skene,Street,,29-Jun-15,20-Jun-16
COOK,17,22,,6,Skene,Street,39,Skinner,Street,,29-Jun-15,20-Jun-16
COOK,23,17,,19,Mackellar,Crescent,,,,,29-Jun-15,20-Jun-16
COOK,25,12,,45,Mackellar,Crescent,,,,,29-Jun-15,20-Jun-16
COOK,28,19,,38,Mackellar,Crescent,,,,,29-Jun-15,20-Jun-16
COOK,28,5,,10,Dwyer,Street,,,,,29-Jun-15,20-Jun-16
COOK,29,1,,1,Bussell,Crescent,5,Oakes,Street,,29-Jun-15,30-Jun-16
COOK,30,13,,12,Bussell,Crescent,,,,,29-Jun-15,20-Jun-16
COOK,30,8,,2,Bussell,Crescent,9,Oakes,Street,,29-Jun-15,20-Jun-16
COOK,31,17,,20,Booth,Crescent,,,,,29-Jun-15,
COOK,33,11,,67,Mackellar,Crescent,,,,,29-Jun-15,19-Jan-18
COOK,35,1,,18,Skinner,Street,,,,,29-Jun-15,10-May-22
COREE,0,65,Nerreman,350,Brindabella,Road,350,Brindabella,Road,Uriarra,29-Jun-15,24-Mar-16
CURTIN,1,33,,7,See,Place,,,,,29-Jun-15,08-Apr-16
CURTIN,1,34,,9,See,Place,,,,,29-Jun-15,17-Aug-15
CURTIN,3,18,,7,Kidston,Crescent,,,,,29-Jun-15,16-Dec-16
CURTIN,10,1,,13,Allan,Place,,,,,29-Jun-15,01-Dec-16
CURTIN,14,11,,28,Allan,Street,,,,,29-Jun-15,05-Oct-16
CURTIN,14,12,,30,Allan,Street,,,,,29-Jun-15,05-Oct-16
CURTIN,16,6,,22,Martin,Street,,,,,29-Jun-15,19-Jan-17
CURTIN,37,9,,126,Theodore,Street,,,,,29-Jun-15,10-Jan-17
CURTIN,40,17,,32,James,Street,,,,,29-Jun-15,01-Dec-16
CURTIN,41,13,,27,Wilson,Street,,,,,29-Jun-15,22-Nov-16
CURTIN,47,4,,8,Daglish,Street,,,,,29-Jun-15,12-Dec-16
CURTIN,50,8,,44,Munro,Street,,,,,29-Jun-15,25-Jun-19
CURTIN,51,13,,36,McCormack,Street,29,Munro,Street,,29-Jun-15,09-Feb-17
CURTIN,54,6,,16,Munro,Street,,,,,29-Jun-15,12-Dec-16
CURTIN,56,24,,10,Nelson,Place,,,,,29-Jun-15,24-Oct-16
CURTIN,59,1,,1,Colebatch,Place,40,Carruthers,Street,,29-Jun-15,24-Oct-16
CURTIN,59,35,,8,Colebatch,Place,,,,,29-Jun-15,05-Nov-16
CURTIN,59,36,,6,Colebatch,Place,,,,,29-Jun-15,21-Jun-17
CURTIN,59,5,,9,Colebatch,Place,,,,,29-Jun-15,05-Nov-16
CURTIN,69,4,,87,Carruthers,Street,82,Jennings,Street,,29-Jun-15,11-Jul-19
CURTIN,70,16,,5,Boucaut,Place,,,,,29-Jun-15,22-Nov-16
CURTIN,71,10,,11,Reibey,Place,,,,,29-Jun-15,15-Nov-16
CURTIN,73,30,,21,Jennings,Street,,,,,29-Jun-15,24-Oct-16
CURTIN,74,11,,59,Jennings,Street,,,,,29-Jun-15,
CURTIN,75,12,,15,Kennerley,Street,,,,,29-Jun-15,05-Oct-16
CURTIN,75,7,,25,Kennerley,Street,,,,,29-Jun-15,09-Feb-17
CURTIN,76,14,,8,Kennerley,Street,,,,,29-Jun-15,05-Nov-16
CURTIN,76,9,,11,Throssell,Street,,,,,29-Jun-15,22-Nov-16
CURTIN,82,14,,87,Dunstan,Street,,,,,29-Jun-15,16-Dec-16
CURTIN,82,16,,83,Dunstan,Street,,,,,29-Jun-15,10-Jan-17
CURTIN,83,7,,20,O`Shanassy,Street,,,,,29-Jun-15,21-Dec-21
CURTIN,83,9,,24,O`Shanassy,Street,,,,,29-Jun-15,24-Oct-16
CURTIN,88,11,,7,Peake,Place,,,,,29-Jun-15,16-Dec-16
CURTIN,88,44,,6,O`Shanassy,Street,,,,,29-Jun-15,24-Oct-16
CURTIN,88,45,,8,O`Shanassy,Street,,,,,29-Jun-15,09-Feb-17
CURTIN,89,14,,101,Carruthers,Street,2,Throssell,Street,,11-Jul-19,21-Oct-20
CURTIN,90,15,,13,Jenkins,Street,,,,,29-Jun-15,16-Dec-16
CURTIN,92,17,,32,Throssell,Street,1,Robertson,Street,,29-Jun-15,21-Dec-21
CURTIN,100,11,,15,McCulloch,Street,1,Propsting,Street,,29-Jun-15,05-Oct-16
CURTIN,100,12,,13,McCulloch,Street,,,,,29-Jun-15,05-Oct-16
CURTIN,103,17,,37,McCulloch,Street,,,,,29-Jun-15,17-Nov-16
DEAKIN,7,8,,5,Normanby,Crescent,72,Dominion,Circuit,,29-Jun-15,10-Jul-17
DEAKIN,9,12,,3,Northcote,Crescent,,,,,29-Jun-15,30-Aug-17
DEAKIN,22,16,,14,Carrington,Street,,,,,29-Jun-15,30-Jul-15
DEAKIN,24,2,,70,Macgregor,Street,,,,,29-Jun-15,16-Jun-22
DEAKIN,27,21,,33,Macgregor,Street,1,Nathan,Street,,29-Jun-15,26-May-17
DEAKIN,29,21,,12,Gormanston,Crescent,,,,,29-Jun-15,21-Jun-17
DEAKIN,57,8,,12,Galway,Place,,,,,29-Jun-15,21-Jun-17
DEAKIN,60,3,,11,Beauchamp,Street,,,,,29-Jun-15,21-Dec-17
DEAKIN,63,1,,7,Norman,Street,2,Lawley,Street,,29-Jun-15,23-Aug-17
DEAKIN,63,23,,45,Norman,Street,46,Lawley,Street,,29-Jun-15,26-May-17
DEAKIN,63,37,,17,Norman,Street,,,,,29-Jun-15,14-Sep-15
DEAKIN,63,39,,13,Norman,Street,,,,,29-Jun-15,26-May-17
DICKSON,21,31,,74,Davenport,Street,,,,,29-Jun-15,03-Mar-20
DICKSON,21,32,,76,Davenport,Street,,,,,29-Jun-15,03-Mar-20
DICKSON,24,5,,48,Dumaresq,Street,,,,,29-Jun-15,25-Sep-20
DICKSON,74,12,,10,Dutton,Street,1,Eady,Street,,29-Jun-15,21-Oct-20
DICKSON,75,2,,4,Eady,Street,,,,,29-Jun-15,21-Feb-17
DOWNER,36,11,,30,Swinden,Street,,,,,29-Jun-15,30-Nov-15
DOWNER,46,10,,42,Cotton,Street,5,Durack,Street,,29-Jun-15,29-Aug-16
DOWNER,53,13,,32,Phillip,Avenue,,,,,2-Dec-16,31-Jan-18
DOWNER,54,47,,94,Melba,Place,,,,,29-Jun-15,12-Aug-16
DOWNER,57,11,,18,Cowan,Street,,,,,29-Jun-15,30-Nov-15
DOWNER,64,22,1,171A,Antill,Street,,,,,29-Jun-15,24-Jan-19
DOWNER,69,24,,17,Burn,Street,,,,,29-Jun-15,23-Sep-16
DUFFY,5,34,,13,Moogerah,Street,,,,,29-Jun-15,16-Dec-16
DUFFY,13,1,,58,Serpentine,Street,,,,,29-Jun-15,16-Dec-16
DUFFY,14,19,,40,Serpentine,Street,,,,,29-Jun-15,18-Feb-16
DUFFY,15,2,,107,Dixon,Drive,,,,,29-Jun-15,18-Jan-17
DUFFY,20,29,,71,Dixon,Drive,,,,,29-Jun-15,10-Jan-17
DUFFY,28,14,,135,Burrinjuck,Crescent,,,,,29-Jun-15,21-Feb-17
DUFFY,29,1,,24,Cordeaux,Street,37,Tantangara,Street,,29-Jun-15,12-Dec-16
DUFFY,31,41,,4,Tantangara,Street,,,,,29-Jun-15,09-Feb-17
DUFFY,31,45,,12,Tantangara,Street,,,,,29-Jun-15,10-Jan-17
DUFFY,32,1,,23,Dixon,Drive,166,Burrinjuck,Crescent,,29-Jun-15,09-Feb-17
DUFFY,32,2,,21,Dixon,Drive,,,,,29-Jun-15,10-Jan-17
DUFFY,34,12,,30,Kallara,Close,,,,,29-Jun-15,29-Apr-16
DUFFY,35,12,,43,Kallara,Close,,,,,29-Jun-15,17-May-16
DUFFY,39,28,,51,Mirrool,Street,,,,,29-Jun-15,18-Jan-17
DUFFY,41,19,,5,Wyangala,Street,78,Tullaroop,Street,,29-Jun-15,12-Dec-16
DUFFY,42,31,,4,Manton,Place,,,,,29-Jun-15,16-Dec-16
DUFFY,43,28,,8,Coliban,Place,,,,,29-Jun-15,12-Dec-16
DUFFY,46,3,,9,Tullaroop,Street,,,,,29-Jun-15,10-Jan-17
DUFFY,46,5,,5,Tullaroop,Street,,,,,29-Jun-15,16-Dec-16
DUFFY,50,11,,42,Jemalong,Street,,,,,29-Jun-15,09-Feb-17
DUFFY,50,22,,3,Mokoan,Place,,,,,29-Jun-15,16-Dec-16
EVATT,18,16,,23,Massey,Street,,,,,29-Jun-15,29-Nov-16
EVATT,20,2,,18,Massey,Street,,,,,29-Jun-15,16-Dec-16
EVATT,20,5,,24,Massey,Street,,,,,29-Jun-15,15-Dec-16
EVATT,33,17,,8,Kellway,Street,,,,,29-Jun-15,15-Dec-16
EVATT,36,17,,3,Willis,Street,,,,,29-Jun-15,07-Feb-17
EVATT,39,7,,17,Fuhrman,Street,,,,,29-Jun-15,22-Nov-16
EVATT,40,25,,18,Emerton,Street,,,,,29-Jun-15,28-Oct-15
EVATT,45,7,,49,Badenoch,Crescent,,,,,29-Jun-15,16-Dec-16
EVATT,47,11,,6,Gollan,Street,,,,,29-Jun-15,15-Nov-16
FARRER,1,4,,22,Pridham,Street,,,,,29-Jun-15,14-Nov-16
FARRER,3,15,,11,Gluyas,Street,,,,,29-Jun-15,12-Dec-16
FARRER,3,16,,9,Gluyas,Street,,,,,29-Jun-15,12-Dec-16
FARRER,8,20,,238,Beasley,Street,,,,,29-Jun-15,24-Nov-16
FARRER,12,14,,36,Spafford,Crescent,,,,,29-Jun-15,10-Jan-17
FARRER,12,19,,23,Gatton,Street,,,,,29-Jun-15,12-Dec-16
FARRER,12,25,,11,Gatton,Street,,,,,29-Jun-15,12-Dec-16
FARRER,12,6,,20,Spafford,Crescent,,,,,29-Jun-15,16-Dec-16
FARRER,13,7,,11,Marshall,Street,,,,,29-Jun-15,16-Dec-16
FARRER,13,8,,9,Marshall,Street,2,Spafford,Crescent,,29-Jun-15,12-Dec-16
FARRER,15,25,,37,Lambrigg,Street,,,,,29-Jun-15,24-Nov-16
FARRER,15,27,,33,Lambrigg,Street,,,,,29-Jun-15,10-Jan-17
FARRER,15,4,,8,Gluyas,Street,,,,,29-Jun-15,14-Nov-16
FARRER,20,13,,57,Pridham,Street,,,,,29-Jun-15,14-Nov-16
FARRER,23,6,,32,Cameron,Street,,,,,29-Jun-15,16-Mar-16
FARRER,24,23,,20,Cameron,Street,,,,,29-Jun-15,
FARRER,26,13,,16,Longerenong,Street,,,,,29-Jun-15,30-Nov-15
FARRER,28,3,,18,Roseworthy,Crescent,2,Werribee,Crescent,,29-Jun-15,10-Jan-17
FARRER,28,8,,12,Werribee,Crescent,,,,,29-Jun-15,13-Apr-18
FARRER,30,14,,19,Werribee,Crescent,38,Roseworthy,Crescent,,29-Jun-15,01-Mar-17
FARRER,30,8,,26,Roseworthy,Crescent,,,,,29-Jun-15,30-Jul-15
FARRER,32,11,,30,Dookie,Street,,,,,29-Jun-15,07-Mar-17
FARRER,34,28,,5,Bruce,Place,,,,,29-Jun-15,28-Jun-19
FARRER,35,1,,15,Dookie,Street,2,Hawkesbury,Crescent,,29-Jun-15,09-Feb-17
FARRER,35,7,,14,Hawkesbury,Crescent,2,Hagelthorn,Street,,29-Jun-15,04-Apr-17
FARRER,36,4,,5,Hawkesbury,Crescent,,,,,29-Jun-15,16-Jan-17
FARRER,40,2,,41,Hawkesbury,Crescent,,,,,29-Jun-15,21-Feb-17
FARRER,41,22,,9,Wagga,Street,,,,,29-Jun-15,24-Mar-17
FARRER,43,12,,136,Lambrigg,Street,,,,,29-Jun-15,16-Jun-22
FARRER,46,10,,23,Woodgate,Street,,,,,29-Jun-15,07-Mar-17
FARRER,47,5,,10,Woodgate,Street,,,,,29-Jun-15,26-May-17
FARRER,47,6,,12,Woodgate,Street,,,,,29-Jun-15,01-Mar-17
FARRER,52,13,,17,Prescott,Street,,,,,29-Jun-15,09-Mar-17
FARRER,54,26,,31,Custance,Street,,,,,29-Jun-15,04-Apr-17
FISHER,3,1,,39,Greenvale,Street,,,,,29-Jun-15,10-Aug-17
FISHER,9,4,,144,Kalgoorlie,Crescent,,,,,29-Jun-15,10-Jul-17
FISHER,21,9,,22,Kalgoorlie,Crescent,,,,,29-Jun-15,21-Jun-17
FISHER,22,1,,165,Badimara,Street,,,,,29-Jun-15,10-Jul-17
FISHER,22,10,,147,Badimara,Street,,,,,29-Jun-15,10-Jul-17
FISHER,23,9,,119,Badimara,Street,,,,,29-Jun-15,21-Jun-17
FISHER,25,15,,30,Ardlethan,Street,,,,,29-Jun-15,07-Nov-17
FISHER,25,16,,32,Ardlethan,Street,,,,,29-Jun-15,
FISHER,25,18,,39,Pandanus,Street,,,,,29-Jun-15,18-Oct-17
FISHER,26,21,,30,Pandanus,Street,,,,,29-Jun-15,18-Oct-17
FISHER,27,2,,27,Kalgoorlie,Crescent,,,,,29-Jun-15,10-Jul-17
FISHER,27,3,,25,Kalgoorlie,Crescent,,,,,29-Jun-15,10-Jul-17
FISHER,28,16,,32,Maranboy,Street,,,,,29-Jun-15,18-Oct-17
FISHER,29,2,,45,Maranboy,Street,,,,,29-Jun-15,08-Sep-17
FISHER,29,5,,39,Maranboy,Street,,,,,29-Jun-15,30-Aug-17
FISHER,35,29,,21,Clermont,Street,,,,,29-Jun-15,10-Jul-17
FISHER,35,4,,1,Ballarat,Street,63,Kalgoorlie,Crescent,,29-Jun-15,10-Jul-17
FISHER,36,1,,11,Tingha,Place,,,,,29-Jun-15,27-Oct-17
FISHER,39,14,,135,Kambalda,Crescent,,,,,29-Jun-15,18-Oct-17
FISHER,39,15,,133,Kambalda,Crescent,,,,,29-Jun-15,07-Nov-17
FISHER,43,7,,31,Rosebery,Street,,,,,29-Jun-15,10-Aug-17
FISHER,46,2,,87,Kalgoorlie,Crescent,,,,,29-Jun-15,10-Jul-17
FISHER,47,16,,14,Eleanora,Street,,,,,29-Jun-15,10-Aug-17
FISHER,48,12,,4,Yampi,Place,,,,,29-Jun-15,30-Aug-17
FISHER,48,23,,22,Rosebery,Street,,,,,29-Jun-15,30-Aug-17
FISHER,48,28,,32,Rosebery,Street,,,,,29-Jun-15,16-Aug-17
FISHER,49,5,,12,Hamersley,Place,,,,,29-Jun-15,10-Aug-17
FISHER,51,11,,13,Andamooka,Street,,,,,29-Jun-15,10-Aug-17
FISHER,52,11,,2,Andamooka,Street,17,Kapunda,Street,,29-Jun-15,21-Aug-17
FISHER,53,4,,56,Bendigo,Street,62,Greenvale,Street,,29-Jun-15,10-Aug-17
FLYNN,6,7,,6,Barber,Crescent,,,,,29-Jun-15,10-Jan-17
FLYNN,7,23,,41,Wilkinson,Street,,,,,29-Jun-15,29-Nov-16
FLYNN,8,3,,10,Bird,Place,,,,,29-Jun-15,05-Nov-16
FLYNN,10,42,,20,Wilkinson,Street,,,,,29-Jun-15,22-Nov-16
FLYNN,11,21,,24,Schwarz,Place,,,,,29-Jun-15,17-Nov-16
FLYNN,13,10,,2,Herschell,Circuit,25,Pattinson,Crescent,,29-Jun-15,15-Nov-16
FLYNN,13,19,,17,Willyama,Place,,,,,29-Jun-15,17-Nov-16
FLYNN,13,20,,19,Willyama,Place,,,,,29-Jun-15,22-Nov-16
FLYNN,13,21,,18,Willyama,Place,,,,,29-Jun-15,22-Nov-16
FLYNN,14,15,,7,Spalding,Street,,,,,29-Jun-15,24-Nov-16
FLYNN,15,13,,7,Newland,Street,,,,,29-Jun-15,15-Nov-16
FLYNN,17,17,,4,Bingle,Street,,,,,29-Jun-15,24-Nov-16
FLYNN,19,14,,10,Hedland,Circuit,,,,,29-Jun-15,24-Nov-16
FLYNN,26,5,,1,Seddon,Place,8,Dolling,Crescent,,29-Jun-15,29-Nov-16
FLYNN,27,4,,8,Inlander,Crescent,,,,,29-Jun-15,18-Apr-16
FLYNN,29,3,,5,Rentoul,Place,,,,,29-Jun-15,10-Feb-16
FLYNN,36,2,,3,Meiklejohn,Place,,,,,29-Jun-15,24-Nov-16
FLYNN,36,4,,7,Meiklejohn,Place,,,,,29-Jun-15,
FLYNN,41,16,,19,Nulsen,Circuit,,,,,29-Jun-15,29-Nov-16
FLYNN,48,1,,5,Joyner,Crescent,,,,,29-Jun-15,29-Nov-16
FLYNN,48,34,,7,Joyner,Crescent,,,,,29-Jun-15,21-Jun-17
FLYNN,51,10,,25,Huelin,Circuit,,,,,29-Jun-15,15-Nov-16
FLYNN,52,7,,8,Ryle,Place,,,,,29-Jun-15,16-Dec-16
FLYNN,54,24,,22,Love,Street,,,,,29-Jun-15,24-Nov-16
FLYNN,54,9,,49,Spalding,Street,,,,,29-Jun-15,09-Feb-17
FLYNN,55,14,,43,Crawford,Crescent,,,,,29-Jun-15,24-Nov-16
FORREST,1,13,,3A,Mugga,Way,,,,,29-Jun-15,23-Aug-17
FORREST,3,11,,60,Dominion,Circuit,6,Davey,Crescent,,29-Jun-15,29-Nov-17
FORREST,3,25,,2,Barkly,Crescent,57,Empire,Circuit,,29-Jun-15,21-Dec-17
FORREST,3,9,,3,Davey,Crescent,,,,,29-Jun-15,21-Aug-19
FORREST,38,8,,75,Arthur,Circle,8,Dampier,Crescent,,29-Jun-15,30-Aug-17
FRASER,10,7,,41,Brophy,Street,,,,,29-Jun-15,29-Nov-16
FRASER,11,4,,1,Nish,Place,63,Bingley,Crescent,,29-Jun-15,21-Jun-17
FRASER,13,1,,95,Bingley,Crescent,1,Foskett,Street,,29-Jun-15,12-Dec-16
FRASER,20,15,,30,Nott,Street,,,,,29-Jun-15,30-Nov-15
FRASER,32,2,,1,Eddison,Place,8,Bingley,Crescent,,29-Jun-15,15-Nov-16
FRASER,32,4,,12,Bingley,Crescent,,,,,29-Jun-15,29-Nov-16
FRASER,42,2,,10,Rogers,Street,,,,,18-Nov-19,28-Sep-20
FRASER,43,17,,21,Rogers,Street,,,,,29-Jun-15,27-Feb-17
FRASER,46,25,,32,Kerrigan,Street,,,,,29-Jun-15,18-Jan-17
FRASER,55,4,,24,Dunbar,Street,,,,,29-Jun-15,12-Dec-16
FRASER,56,1,,11,Binns,Street,,,,,29-Jun-15,27-Jul-17
FRASER,56,14,,35,Dunbar,Street,,,,,29-Jun-15,07-Feb-17
GARRAN,6,20,,13,Becke,Place,,,,,29-Jun-15,06-Sep-16
GARRAN,7,1,,4,Fitchett,Street,2,Becke,Place,,29-Jun-15,07-Dec-17
GARRAN,8,21,,81,Fitchett,Street,,,,,29-Jun-15,26-May-17
GARRAN,8,31,,3,Maurice,Place,,,,,29-Jun-15,29-Nov-16
GARRAN,8,33,,7,Maurice,Place,,,,,29-Jun-15,23-Jan-18
GARRAN,9,2,,4,Maurice,Place,,,,,29-Jun-15,07-Feb-17
GARRAN,10,40,,11,Furphy,Place,,,,,29-Jun-15,24-Oct-16
GARRAN,10,66,,19,Brereton,Street,2,Ogilvie,Place,,29-Jun-15,19-Jul-16
GARRAN,11,16,,31,Gilmore,Crescent,34,Ingamells,Street,,29-Jun-15,13-Jul-16
GARRAN,11,28,,2,Ingamells,Street,7,Gilmore,Crescent,,29-Jun-15,23-Sep-16
GARRAN,13,4,,18,Sabine,Close,,,,,29-Jun-15,05-Nov-16
GARRAN,13,5,,20,Sabine,Close,,,,,29-Jun-15,18-Jan-17
GARRAN,14,2,,32,Gilmore,Crescent,,,,,29-Jun-15,23-Sep-16
GARRAN,16,18,,15,Curlewis,Crescent,,,,,29-Jun-15,05-Nov-16
GARRAN,17,4,,5,Flanagan,Street,,,,,29-Jun-15,24-Oct-16
GARRAN,18,16,,35,Curlewis,Crescent,,,,,29-Jun-15,14-Oct-16
GARRAN,18,6,,25,Flanagan,Street,,,,,29-Jun-15,18-Apr-17
GARRAN,22,19,,56,Curlewis,Crescent,,,,,29-Jun-15,15-Nov-16
GARRAN,23,18,,17,Rusden,Street,17,Rusden,Place,,29-Jun-15,05-Nov-16
GARRAN,23,20,,13,Rusden,Place,,,,,29-Jun-15,05-Oct-16
GARRAN,27,9,,3,Neilson,Street,,,,,29-Jun-15,16-Jan-17
GIRALANG,2,24,,76,Baracchi,Crescent,,,,,29-Jun-15,
GIRALANG,3,17,,41,Baracchi,Crescent,,,,,29-Jun-15,27-Feb-17
GIRALANG,5,12,,110,Baracchi,Crescent,,,,,29-Jun-15,07-Feb-17
GIRALANG,11,17,,14,Buriga,Street,,,,,29-Jun-15,10-Feb-16
GIRALANG,12,4,,7,Kinalung,Place,,,,,29-Jun-15,07-Feb-17
GIRALANG,13,6,,13,Mirrabucca,Crescent,1,Munga,Place,,29-Jun-15,27-Feb-17
GIRALANG,22,1,,9,Alphard,Place,,,,,29-Jun-15,11-Aug-15
GIRALANG,31,11,,12,Neworra,Place,,,,,29-Jun-15,27-Feb-17
GIRALANG,35,27,,13,Fornax,Street,,,,,29-Jun-15,07-Feb-17
GIRALANG,57,4,,7,Spigl,Street,,,,,29-Jun-15,21-Feb-17
GIRALANG,73,4,,96,Canopus,Crescent,2,Tucana,Street,,29-Jun-15,07-Feb-17
GRIFFITH,3,1,,33,Arthur,Circle,,,,,29-Jun-15,23-Sep-16
GRIFFITH,4,12,,12,La Perouse,Street,,,,,29-Jun-15,31-Aug-16
GRIFFITH,4,6,,1,Stokes,Street,,,,,29-Jun-15,08-Sep-17
GRIFFITH,10,18,,77,Flinders,Way,35,Durville,Crescent,,29-Jun-15,23-Sep-16
GRIFFITH,32,9,,13,Mitchell,Street,,,,,29-Jun-15,23-Sep-16
GRIFFITH,61,22,,57,La Perouse,Street,,,,,29-Jun-15,20-Sep-16
GRIFFITH,80,6,,1,Blaxland,Crescent,16,Wills,Street,,29-Jun-15,17-Nov-16
GRIFFITH,88,13,,20,Jansz,Crescent,,,,,29-Jun-15,23-Sep-16
GRIFFITH,89,2,,48,Jansz,Crescent,,,,,29-Jun-15,23-Sep-16
GRIFFITH,90,23,,18,Carstensz,Street,,,,,29-Jun-15,14-Oct-16
GRIFFITH,90,71,,11,Jansz,Crescent,,,,,29-Jun-15,20-Sep-16
HACKETT,2,15,,17,Newton,Street,,,,,29-Jun-15,20-Sep-16
HACKETT,6,10,,4,Skeats,Street,,,,,29-Jun-15,29-Sep-16
HACKETT,8,1,,37,Maitland,Street,24,Hedley,Street,,29-Jun-15,
HACKETT,9,5,,31,Hedley,Street,,,,,29-Jun-15,27-Feb-17
HACKETT,9,6,,29,Hedley,Street,,,,,29-Jun-15,29-Sep-16
HACKETT,9,7,,27,Hedley,Street,,,,,29-Jun-15,29-Sep-16
HACKETT,10,13,,13,Steele,Street,,,,,29-Jun-15,23-Jan-18
HACKETT,16,4,,36,Mills,Street,,,,,29-Jun-15,06-Sep-16
HACKETT,20,26,,25,Madigan,Street,,,,,29-Jun-15,06-Sep-16
HACKETT,21,22,,40,Gilbert,Street,,,,,29-Jun-15,23-Aug-17
HACKETT,21,9,,14,Gilbert,Street,,,,,29-Jun-15,03-Aug-15
HACKETT,22,23,,29,Rivett,Street,,,,,29-Jun-15,29-Sep-16
HACKETT,22,24,,27,Rivett,Street,,,,,29-Jun-15,05-Oct-17
HACKETT,24,15,,35,Harris,Street,,,,,29-Jun-15,16-Sep-16
HACKETT,25,5,,324,Antill,Street,,,,,29-Jun-15,14-Nov-16
HACKETT,25,7,,320,Antill,Street,,,,,29-Jun-15,16-Sep-16
HACKETT,27,7,,10,Verco,Street,,,,,29-Jun-15,08-Sep-16
HACKETT,28,14,,87,Rivett,Street,,,,,29-Jun-15,29-Sep-16
HACKETT,31,17,,98,Rivett,Street,,,,,29-Jun-15,20-Feb-18
HACKETT,37,6,11,104,Grayson,Street,,,,,29-Jun-15,28-Apr-22
HACKETT,37,6,10,102,Grayson,Street,,,,,29-Jun-15,28-Apr-22
HACKETT,38,15,,67,Mackenzie,Street,,,,,29-Jun-15,22-Nov-16
HACKETT,39,11,,6,Brennan,Street,,,,,29-Jun-15,16-Sep-16
HACKETT,40,8,,23,Brennan,Street,62,Mackenzie,Street,,29-Jun-15,23-Sep-16
HACKETT,44,11,,7,Bragg,Street,,,,,29-Jun-15,06-Sep-16
HACKETT,45,1,,2,Bragg,Street,38,Russell,Street,,29-Jun-15,22-Nov-16
HACKETT,45,3,,6,Bragg,Street,,,,,29-Jun-15,13-Jul-16
HACKETT,45,9,,18,Bragg,Street,,,,,29-Jun-15,22-Nov-16
HACKETT,46,13,,48,Russell,Street,,,,,29-Jun-15,13-Sep-16
HALL,1,2,,8,Palmer,Street,,,,,29-Jun-15,24-Mar-17
HALL,4,11,,6,Loftus,Street,,,,,29-Jun-15,18-Jan-17
HALL,8,11,,18,Gibbes,Street,,,,,29-Jun-15,18-Jan-17
HALL,11,8,,37,Victoria,Street,,,,,29-Jun-15,07-Nov-17
HAWKER,9,11,,82,Springvale,Drive,,,,,29-Jun-15,18-Apr-17
HAWKER,9,16,,27,Woolner,Circuit,,,,,29-Jun-15,03-May-17
HAWKER,11,18,,30,Moroak,Street,,,,,29-Jun-15,01-May-17
HAWKER,14,21,,10,Marrakai,Street,,,,,29-Jun-15,10-Feb-16
HAWKER,14,24,,51,Ambalindum,Street,,,,,29-Jun-15,05-May-17
HAWKER,18,22,,53,Erldunda,Circuit,,,,,29-Jun-15,01-May-17
HAWKER,24,12,,24,Mataranka,Street,,,,,29-Jun-15,03-May-17
HAWKER,25,1,,5,Elsey,Street,,,,,29-Jun-15,05-May-17
HAWKER,27,35,,26,Murranji,Street,,,,,29-Jun-15,05-May-17
HAWKER,27,41,,38,Murranji,Street,,,,,29-Jun-15,05-May-17
HAWKER,29,12,,1,Florina,Place,28,Tanumbirini,Street,,29-Jun-15,05-May-17
HIGGINS,2,24,,6,Rich,Street,,,,,29-Jun-15,18-Oct-17
HIGGINS,2,35,,28,Rich,Street,28,Rich,Place,,29-Jun-15,05-Oct-17
HIGGINS,3,3,,37,Rich,Street,,,,,29-Jun-15,07-Nov-17
HIGGINS,13,29,,23,Kriewaldt,Circuit,,,,,29-Jun-15,21-Sep-17
HIGGINS,13,30,,5,Morris,Street,21,Kriewaldt,Circuit,,29-Jun-15,07-Sep-17
HIGGINS,13,34,,32,Fullagar,Crescent,,,,,29-Jun-15,21-Sep-17
HIGGINS,14,8,,10,Kriewaldt,Circuit,,,,,29-Jun-15,23-Aug-17
HIGGINS,15,18,,6,Morris,Street,17,Kriewaldt,Circuit,,29-Jun-15,07-Sep-17
HIGGINS,15,27,,3,Hunt,Street,,,,,29-Jun-15,18-Oct-17
HIGGINS,16,22,,64,Northmore,Crescent,,,,,29-Jun-15,30-Aug-17
HIGGINS,20,13,,7,Weir,Place,,,,,29-Jun-15,30-Aug-17
HIGGINS,20,22,,7,Clyne,Place,,,,,29-Jun-15,16-Aug-17
HIGGINS,25,33,6,37,Fullagar,Crescent,,,,,29-Jun-15,10-Sep-20
HIGGINS,32,28,,36,Pennefather,Street,,,,,29-Jun-15,18-Oct-17
HIGGINS,45,35,,39,Davidson,Street,,,,,29-Jun-15,18-Oct-17
HOLDER,3,10,,49,Hyndes,Crescent,,,,,29-Jun-15,18-Apr-17
HOLDER,3,4,,61,Hyndes,Crescent,,,,,29-Jun-15,18-Apr-17
HOLDER,7,13,,22,Mulley,Street,,,,,29-Jun-15,08-Feb-17
HOLDER,7,19,,34,Mulley,Street,,,,,29-Jun-15,12-Dec-16
HOLDER,7,27,,34,Fossey,Street,,,,,29-Jun-15,05-Aug-15
HOLDER,7,30,,40,Fossey,Street,,,,,29-Jun-15,08-Feb-17
HOLDER,7,34,,3,Tully,Street,,,,,29-Jun-15,27-Feb-17
HOLDER,7,5,,6,Mulley,Street,,,,,29-Jun-15,20-Feb-18
HOLDER,7,8,,12,Mulley,Street,,,,,29-Jun-15,10-Jan-17
HOLDER,8,9,,87,Blackwood,Terrace,,,,,29-Jun-15,13-Apr-17
HOLDER,11,1,,88,Blackwood,Terrace,,,,,29-Jun-15,13-Apr-17
HOLDER,11,18,,23,Foxall,Street,,,,,29-Jun-15,21-Apr-17
HOLDER,14,40,,5,Coane,Street,,,,,29-Jun-15,03-May-17
HOLDER,15,16,,33,Pearson,Street,36,Foxall,Street,,29-Jun-15,05-May-17
HOLDER,15,5,,14,Foxall,Street,,,,,29-Jun-15,18-Apr-17
HOLDER,17,5,,24,Coane,Street,,,,,29-Jun-15,03-May-17
HOLDER,18,4,,31,Williamson,Street,,,,,29-Jun-15,07-Feb-17
HOLDER,18,5,,29,Williamson,Street,,,,,29-Jun-15,07-Feb-17
HOLDER,24,13,,4,Frankland,Street,,,,,29-Jun-15,13-Apr-17
HOLDER,26,13,,8,Percival,Street,,,,,29-Jun-15,05-May-17
HOLDER,26,8,,21,Sheaffe,Street,,,,,29-Jun-15,21-Dec-17
HOLDER,28,10,,56,Sheaffe,Street,,,,,29-Jun-15,07-Mar-17
HOLDER,28,9,,54,Sheaffe,Street,,,,,29-Jun-15,07-Mar-17
HOLDER,35,29,,34,Dixon,Drive,,,,,29-Jun-15,13-Apr-17
HOLDER,37,16,,80,Dixon,Drive,,,,,29-Jun-15,05-May-17
HOLDER,37,17,,82,Dixon,Drive,,,,,29-Jun-15,13-Nov-17
HOLDER,38,12,,23,Blackwood,Terrace,,,,,29-Jun-15,18-Apr-17
HOLDER,43,16,,35,Hyndes,Crescent,,,,,29-Jun-15,03-May-17
HOLT,3,1,,96,Spofforth,Street,,,,,29-Jun-15,20-Jun-16
HOLT,3,22,,353,Southern Cross,Drive,,,,,29-Jun-15,20-Jun-16
HOLT,5,17,,105,Beaurepaire,Crescent,2,Armstrong,Crescent,,29-Jun-15,19-Jan-18
HOLT,11,8,,16,Higgerson,Street,,,,,29-Jun-15,18-Apr-16
HOLT,14,33,,28,Laycock,Place,,,,,29-Jun-15,30-Jun-16
HOLT,16,27,,21,Pickworth,Street,2,Trumper,Street,,29-Jun-15,11-Apr-16
HOLT,20,7,,7,Pickworth,Street,,,,,29-Jun-15,18-Apr-16
HOLT,22,14,,18,Beaurepaire,Crescent,2,Pickworth,Street,,29-Jun-15,08-Apr-16
HOLT,22,15,,4,Pickworth,Street,,,,,29-Jun-15,08-Apr-16
HOLT,22,9,,8,Beaurepaire,Crescent,,,,,29-Jun-15,31-May-16
HOLT,28,9,,24,Mockridge,Crescent,2,Cazaly,Close,,29-Jun-15,14-Nov-16
HOLT,30,4,,26,Cazaly,Close,,,,,29-Jun-15,08-Jun-16
HOLT,31,23,,50,Griffiths,Street,,,,,29-Jun-15,08-Jun-16
HOLT,36,6,,10,Lindrum,Crescent,,,,,29-Jun-15,31-May-16
HOLT,39,7,,4,Longworth,Place,,,,,29-Jun-15,31-May-16
HOLT,41,3,,18,Cavill,Close,,,,,29-Jun-15,15-Nov-16
HOLT,70,6,,11,Biggs,Place,,,,,29-Jun-15,09-Jul-19
HUGHES,1,3,,1,Jess,Place,5,Birdwood,Street,,29-Jun-15,29-Nov-16
HUGHES,2,21,,5,Smyth,Place,,,,,29-Jun-15,26-May-17
HUGHES,3,18,,51,Glasgow,Street,,,,,29-Jun-15,10-Feb-16
HUGHES,3,26,,13,Downes,Place,,,,,29-Jun-15,10-Jan-17
HUGHES,4,1,,4,Glasgow,Street,,,,,29-Jun-15,10-Feb-16
HUGHES,5,4,,51,Birdwood,Street,2,Downes,Place,,29-Jun-15,10-Jan-17
HUGHES,7,29,,9,Brand,Street,,,,,29-Jun-15,16-Dec-16
HUGHES,9,19,,5,Wynter,Place,,,,,29-Jun-15,18-Jan-17
HUGHES,13,13,,15,Goble,Street,,,,,29-Jun-15,10-Jan-17
HUGHES,17,13,,73,Birdwood,Street,,,,,29-Jun-15,26-May-17
HUGHES,18,23,,8,Wylly,Place,,,,,29-Jun-15,27-Feb-17
HUGHES,19,14,,52,Lynch,Street,74,Kitchener,Street,,29-Jun-15,29-Apr-16
HUGHES,23,5,,38,Poynton,Street,,,,,29-Jun-15,27-Feb-17
HUGHES,26,24,,9,Higgs,Place,,,,,29-Jun-15,26-May-17
HUGHES,33,12,,53,Millen,Street,,,,,29-Jun-15,27-Nov-18
HUGHES,33,7,,43,Millen,Street,,,,,29-Jun-15,18-Jan-17
HUGHES,43,11,,34,Conyers,Street,,,,,29-Jun-15,07-Feb-17
JERRABOMBERRA,0,7,,146,Mugga,Lane,,,,,29-Jun-15,21-Dec-20
KALEEN,24,26,,14,Apsley,Place,,,,,29-Jun-15,21-Apr-17
KALEEN,50,14,,27,Bokhara,Circuit,,,,,29-Jun-15,24-Mar-17
KALEEN,57,14,,8,Wakool,Circuit,,,,,29-Jun-15,07-Feb-17
KALEEN,103,7,,14,Sherlock,Street,,,,,29-Jun-15,10-Feb-16
KALEEN,122,7,,23,Terewah,Circuit,,,,,29-Jun-15,24-Mar-17
KALEEN,135,3,,6,Lyndon,Street,,,,,29-Jun-15,24-Mar-17
KAMBAH,102,14,,1,Feltus,Place,45,Bacchus,Circuit,,29-Jun-15,08-Jun-16
KAMBAH,102,15,,2,Headdy,Place,43,Bacchus,Circuit,,29-Jun-15,08-Jun-16
KAMBAH,103,34,,15,Barritt,Street,1,Bacchus,Circuit,,29-Jun-15,08-Jun-16
KAMBAH,103,37,,9,Barritt,Street,,,,,29-Jun-15,12-Aug-16
KAMBAH,103,40,,3,Barritt,Street,,,,,29-Jun-15,12-Aug-16
KAMBAH,104,19,,19,Barritt,Street,2,Bacchus,Circuit,,29-Jun-15,08-Jun-16
KAMBAH,105,17,,9,Tepper,Circuit,,,,,29-Jun-15,08-Sep-16
KAMBAH,117,6,,75,Boddington,Crescent,,,,,29-Jun-15,06-Sep-16
KAMBAH,123,16,,28,Karney,Street,,,,,29-Jun-15,10-Aug-17
KAMBAH,124,4,,3,Ey,Place,,,,,29-Jun-15,21-Aug-17
KAMBAH,127,1,,5,Hiles,Place,,,,,29-Jun-15,05-May-16
KAMBAH,127,2,,3,Hiles,Place,,,,,29-Jun-15,17-May-16
KAMBAH,127,5,,36,Castley,Circuit,,,,,29-Jun-15,11-May-16
KAMBAH,128,18,,133,Boddington,Crescent,,,,,29-Jun-15,21-Jul-17
KAMBAH,134,2,,25,Bateman,Street,,,,,29-Jun-15,10-Jul-17
KAMBAH,135,2,,32,Dinnison,Circuit,,,,,29-Jun-15,05-Nov-16
KAMBAH,135,8,,4,Armytage,Circuit,,,,,29-Jun-15,12-Aug-16
KAMBAH,137,24,,18,Dinnison,Circuit,,,,,29-Jun-15,20-Jun-16
KAMBAH,137,6,,7,Coombs,Place,,,,,29-Jun-15,06-Sep-16
KAMBAH,139,6,,7,Crozier,Circuit,,,,,29-Jun-15,23-Sep-16
KAMBAH,151,11,,34,Bullock,Circuit,,,,,29-Jun-15,23-Jan-18
KAMBAH,160,13,,16,Morant,Circuit,,,,,29-Jun-15,08-Jun-16
KAMBAH,160,29,,62,Buckley,Circuit,,,,,29-Jun-15,14-Nov-16
KAMBAH,160,32,,56,Buckley,Circuit,,,,,29-Jun-15,05-Nov-16
KAMBAH,177,2,,22,Aitken,Circuit,,,,,29-Jun-15,12-Aug-16
KAMBAH,181,5,,18,East,Place,,,,,29-Jun-15,10-Aug-17
KAMBAH,181,9,,51,Karney,Place,,,,,29-Jun-15,10-Aug-17
KAMBAH,205,4,,3,Rounsevell,Street,,,,,29-Jun-15,30-Jun-16
KAMBAH,207,6,,135,Learmonth,Drive,,,,,29-Jun-15,30-Jun-16
KAMBAH,209,4,,5,McRae,Place,,,,,29-Jun-15,17-May-16
KAMBAH,209,5,,3,McRae,Place,,,,,29-Jun-15,08-Jun-16
KAMBAH,212,3,,8,Bateman,Street,2,Masters,Place,,29-Jun-15,25-May-17
KAMBAH,212,4,,4,Masters,Place,,,,,29-Jun-15,20-Sep-16
KAMBAH,217,6,,4,Paech,Place,,,,,29-Jun-15,16-Aug-17
KAMBAH,217,8,,8,Paech,Place,,,,,29-Jun-15,10-Jul-17
KAMBAH,219,11,,40,McKillop,Circuit,,,,,29-Jun-15,10-Jul-17
KAMBAH,222,14,,4,Kearne,Place,,,,,29-Jun-15,10-Jul-17
KAMBAH,222,5,,84,McKillop,Circuit,2,Knight,Place,,29-Jun-15,10-Jul-17
KAMBAH,223,4,,76,Learmonth,Drive,,,,,29-Jun-15,10-Jul-17
KAMBAH,232,10,,4,Bowler,Place,,,,,29-Jun-15,27-Jul-17
KAMBAH,232,11,,6,Bowler,Place,,,,,29-Jun-15,21-Jul-17
KAMBAH,232,13,,12,Bowler,Place,,,,,29-Jun-15,10-Aug-17
KAMBAH,233,5,,5,McKillop,Circuit,1,Bowler,Place,,29-Jun-15,21-Jul-17
KAMBAH,241,24,,95,O`Halloran,Circuit,,,,,29-Jun-15,10-Jul-17
KAMBAH,243,11,,4,Axford,Place,,,,,29-Jun-15,10-Jul-17
KAMBAH,247,4,,14,Springbett,Street,,,,,29-Jun-15,10-Aug-17
KAMBAH,250,2,,17,Gleeson,Place,,,,,29-Jun-15,27-Jul-17
KAMBAH,250,29,,2,Darlot,Place,5,Springbett,Street,,29-Jun-15,27-Jul-17
KAMBAH,258,41,,12,Dale,Circuit,,,,,29-Jun-15,10-Jul-17
KAMBAH,261,7,,23,Dale,Circuit,,,,,29-Jun-15,02-Jun-17
KAMBAH,262,9,,32,Dale,Circuit,,,,,29-Jun-15,02-Jun-17
KAMBAH,263,3,,7,Loder,Place,,,,,29-Jun-15,02-Jun-17
KAMBAH,305,3,,6,Crafer,Place,,,,,29-Jun-15,20-Jun-16
KAMBAH,306,4,,4,Miles,Place,,,,,29-Jun-15,13-Sep-16
KAMBAH,311,13,,4,Grote,Place,,,,,29-Jun-15,05-Nov-16
KAMBAH,319,20,,27,Sinclair,Street,,,,,29-Jun-15,29-Apr-16
KAMBAH,319,21,,25,Sinclair,Street,,,,,29-Jun-15,07-Apr-16
KAMBAH,322,11,,17,Malcolm,Place,,,,,29-Jun-15,29-Apr-16
KAMBAH,322,12,,15,Malcolm,Place,,,,,29-Jun-15,29-Apr-16
KAMBAH,323,32,,30,Inkster,Street,,,,,29-Jun-15,05-Nov-16
KAMBAH,325,6,,37,Jamieson,Crescent,,,,,29-Jun-15,25-Jul-16
KAMBAH,327,3,,2,McDowall,Place,15,Jamieson,Crescent,,29-Jun-15,12-Aug-16
KAMBAH,330,7,,11,Shipard,Place,,,,,29-Jun-15,20-Oct-17
KAMBAH,331,13,,7,Manifold,Place,,,,,29-Jun-15,04-Aug-17
KAMBAH,334,1,,52,Lascelles,Circuit,2,Browne,Place,,29-Jun-15,05-Oct-17
KAMBAH,334,5,,10,Browne,Place,,,,,29-Jun-15,14-Jun-18
KAMBAH,334,9,,44,Lascelles,Circuit,1,Grice,Place,,29-Jun-15,18-Oct-17
KAMBAH,335,3,,6,Grice,Place,,,,,29-Jun-15,05-Oct-17
KAMBAH,336,10,,4,Howey,Place,,,,,29-Jun-15,21-Sep-17
KAMBAH,339,2,,4,Jens,Place,,,,,29-Jun-15,07-Sep-17
KAMBAH,340,7,,3,Jens,Place,,,,,29-Jun-15,08-Sep-17
KAMBAH,341,7,,3,Hector,Place,,,,,29-Jun-15,05-Oct-17
KAMBAH,348,6,,35,Lawrence,Crescent,,,,,29-Jun-15,18-Oct-17
KAMBAH,350,2,,17,Lawrence,Crescent,,,,,29-Jun-15,18-May-18
KAMBAH,350,4,,13,Lawrence,Crescent,,,,,29-Jun-15,18-Oct-17
KAMBAH,352,6,,6,Lawrence,Crescent,,,,,29-Jun-15,07-Nov-17
KAMBAH,401,5,,3,Hair,Place,,,,,29-Jun-15,21-Dec-17
KAMBAH,403,6,,58,Bissenberger,Crescent,,,,,29-Jun-15,21-Dec-17
KAMBAH,407,5,,31,Bissenberger,Crescent,,,,,29-Jun-15,10-Feb-16
KAMBAH,422,15,,7,Conolly,Place,,,,,29-Jun-15,21-Dec-17
KAMBAH,422,16,,9,Conolly,Place,,,,,29-Jun-15,21-Dec-17
KAMBAH,423,6,,2,Conolly,Place,27,Mackay,Crescent,,29-Jun-15,07-Nov-17
KAMBAH,429,5,,11,Sholl,Place,,,,,29-Jun-15,18-Oct-17
KAMBAH,431,14,,48,Summerland,Circuit,,,,,29-Jun-15,07-Sep-17
KAMBAH,438,13,,8,Griffith,Place,,,,,29-Jun-15,05-Oct-17
KAMBAH,438,7,,68,Summerland,Circuit,,,,,29-Jun-15,07-Sep-17
KAMBAH,438,8,,70,Summerland,Circuit,79,Gallagher,Street,,29-Jun-15,07-Sep-17
KAMBAH,440,2,,5,Clifton,Place,,,,,29-Jun-15,07-Sep-17
KAMBAH,442,4,,76,Gallagher,Street,,,,,29-Jun-15,20-Feb-18
KAMBAH,455,4,,98,Summerland,Circuit,,,,,29-Jun-15,29-Apr-16
KAMBAH,457,16,,47,Lee-Steere,Crescent,,,,,29-Jun-15,21-Dec-17
KAMBAH,457,42,,1,Schlam,Place,15,Lee-Steere,Crescent,,29-Jun-15,21-Dec-17
KAMBAH,458,25,,25,Humble,Court,,,,,29-Jun-15,21-Dec-17
KAMBAH,462,43,,43,Fitzalan,Street,,,,,29-Jun-15,15-Feb-18
KAMBAH,466,6,,18,Maxworthy,Street,,,,,29-Jun-15,15-Feb-18
KAMBAH,469,21,,47,McDermott,Street,,,,,29-Jun-15,20-Feb-18
KAMBAH,469,22,,45,McDermott,Street,,,,,29-Jun-15,20-Feb-18
KAMBAH,469,27,,35,McDermott,Street,,,,,29-Jun-15,15-Feb-18
KAMBAH,482,8,,63,Livingston,Avenue,,,,,29-Jun-15,19-Mar-18
KAMBAH,492,8,,33,Bellingham,Crescent,50,Gallagher,Street,,29-Jun-15,05-Oct-17
KAMBAH,493,16,,36,Gallagher,Street,,,,,29-Jun-15,08-Sep-17
KAMBAH,493,22,,33,McKenzie,Street,,,,,29-Jun-15,27-Jun-22
LATHAM,5,20,,54,Fellows,Street,22,Backhouse,Street,,29-Jun-15,27-Feb-17
LATHAM,6,7,,10,Want,Place,,,,,29-Jun-15,27-Feb-17
LATHAM,8,5,,12,Fellows,Street,,,,,29-Jun-15,13-Apr-17
LATHAM,9,9,,17,Fellows,Street,,,,,29-Jun-15,13-Apr-17
LATHAM,10,2,,54,Macrossan,Crescent,,,,,29-Jun-15,27-Feb-17
LATHAM,10,5,,60,Macrossan,Crescent,,,,,29-Jun-15,01-Mar-17
LATHAM,10,6,,62,Macrossan,Crescent,,,,,29-Jun-15,24-Mar-17
LATHAM,11,2,,91,Macrossan,Crescent,,,,,29-Jun-15,04-Apr-17
LATHAM,12,8,,7,Jeffcott,Place,,,,,29-Jun-15,18-Apr-17
LATHAM,38,19,,240,Southern Cross,Drive,,,,,29-Jun-15,18-Apr-17
LATHAM,38,23,,248,Southern Cross,Drive,,,,,29-Jun-15,18-Apr-17
LATHAM,39,24,,4,Mein,Place,,,,,29-Jun-15,21-Jul-17
LATHAM,39,27,,10,Mein,Place,,,,,29-Jun-15,13-Apr-17
LATHAM,39,28,,9,Mein,Place,,,,,29-Jun-15,13-Apr-17
LATHAM,43,11,,228,Southern Cross,Drive,1,Dalley,Crescent,,29-Jun-15,24-Mar-17
LATHAM,43,12,,230,Southern Cross,Drive,,,,,29-Jun-15,13-Apr-17
LATHAM,44,10,,212,Southern Cross,Drive,,,,,29-Jun-15,18-Apr-17
LATHAM,44,19,,4,Gurner,Street,,,,,29-Jun-15,24-Mar-17
LATHAM,46,1,,2,Poole,Place,6,Solomon,Crescent,,29-Jun-15,04-Apr-17
LATHAM,56,8,,33,Cleland,Street,,,,,29-Jun-15,25-May-17
LATHAM,59,17,,104,O`Loghlen,Street,,,,,29-Jun-15,24-Mar-17
LYNEHAM,35,1,,194,Wattle,Street,264,Dryandra,Street,,29-Jun-15,04-Apr-17
LYNEHAM,35,28,,75,Archibald,Street,,,,,29-Jun-15,07-Mar-17
LYNEHAM,35,31,,81,Archibald,Street,,,,,29-Jun-15,24-Mar-17
LYONS,6,5,,20,Scottsdale,Street,,,,,29-Jun-15,02-Dec-22
LYONS,8,6,,40,Scottsdale,Street,,,,,29-Jun-15,02-Aug-16
LYONS,12,12,,49,Devonport,Street,,,,,29-Jun-15,02-Aug-16
LYONS,14,11,,10,Derwent,Street,1,Longford,Street,,29-Jun-15,02-Aug-16
LYONS,15,11,,22,Olympus,Way,,,,,29-Jun-15,21-Dec-20
LYONS,15,12,,24,Olympus,Way,2,Barrow,Place,,29-Jun-15,
LYONS,15,13,,4,Barrow,Place,,,,,29-Jun-15,02-Aug-16
LYONS,15,6,,27,Derwent,Street,,,,,29-Jun-15,06-Sep-16
LYONS,15,8,,23,Derwent,Street,,,,,29-Jun-15,29-Aug-16
LYONS,15,9,,21,Derwent,Street,,,,,29-Jun-15,29-Aug-16
LYONS,17,11,,44,Olympus,Way,,,,,29-Jun-15,06-Sep-16
LYONS,18,21,,19,Olympus,Way,,,,,29-Jun-15,02-Aug-16
LYONS,19,12,,4,Ossa,Place,,,,,29-Jun-15,02-Aug-16
LYONS,21,11,,49,Port Arthur,Street,,,,,29-Jun-15,15-Sep-16
LYONS,22,5,,28,Port Arthur,Street,,,,,29-Jun-15,02-Aug-16
LYONS,22,8,,6,Rufus,Place,,,,,29-Jun-15,29-Aug-16
LYONS,23,3,,7,Quamby,Place,,,,,29-Jun-15,23-Sep-16
LYONS,23,9,,48,Port Arthur,Street,,,,,29-Jun-15,15-Sep-16
LYONS,24,7,,6,Raoul,Place,,,,,29-Jun-15,26-May-17
LYONS,32,8,,1,Beedham,Place,74,Burnie,Street,,29-Jun-15,26-May-17
LYONS,35,14,,13,St Clair,Place,,,,,29-Jun-15,15-Sep-16
LYONS,40,1,,35,Tarraleah,Crescent,79,Launceston,Street,,29-Jun-15,08-Sep-16
LYONS,40,11,,9,Breona,Place,,,,,29-Jun-15,15-Sep-16
LYONS,40,26,,5,Tarraleah,Crescent,,,,,29-Jun-15,08-Sep-16
LYONS,40,31,,89,Launceston,Street,,,,,29-Jun-15,15-Sep-16
LYONS,43,6,,6,Ulverstone,Street,,,,,21-Dec-21,31-Aug-22
LYONS,45,15,,38,Burnie,Street,,,,,29-Jun-15,24-Nov-16
LYONS,49,20,,21,Chappell,Street,,,,,29-Jun-15,15-Sep-16
LYONS,51,15,,18,Lutana,Street,,,,,29-Jun-15,13-Apr-18
LYONS,51,4,,125,Launceston,Street,,,,,29-Jun-15,06-Sep-16
LYONS,52,39,,18,Chappell,Street,,,,,29-Jun-15,06-Sep-16
LYONS,52,56,,5,Maria,Place,6,Tasman,Place,,29-Jun-15,17-Nov-17
MACGREGOR,6,4,,23,Berne,Crescent,,,,,29-Jun-15,26-Jul-16
MACGREGOR,8,17,,70,Osburn,Drive,,,,,29-Jun-15,01-Aug-16
MACGREGOR,10,20,,40,Osburn,Drive,,,,,29-Jun-15,01-Aug-16
MACGREGOR,22,4,,20,Ballow,Crescent,,,,,29-Jun-15,01-Aug-16
MACGREGOR,24,4,,10,Lawrence,Close,,,,,29-Jun-15,30-Nov-15
MACGREGOR,27,2,,41,Handcock,Crescent,,,,,29-Jun-15,01-Aug-16
MACGREGOR,37,2,,19,Handcock,Crescent,,,,,29-Jun-15,25-Jul-16
MACGREGOR,37,27,,3,Bowden,Crescent,,,,,29-Jun-15,25-Jul-16
MACGREGOR,38,10,,20,Bowden,Crescent,,,,,29-Jun-15,12-Aug-16
MACGREGOR,38,14,,21,Beeston,Street,,,,,29-Jun-15,25-Jul-16
MACGREGOR,40,15,,29,Cumpston,Place,,,,,29-Jun-15,25-Jul-16
MACGREGOR,41,3,,6,Hayward,Street,,,,,29-Jun-15,01-Aug-16
MACGREGOR,42,1,,21,Osburn,Drive,,,,,29-Jun-15,25-Jul-16
MACGREGOR,51,10,,11,Holland,Street,,,,,29-Jun-15,14-Nov-17
MACGREGOR,59,11,,202,Osburn,Drive,2,Luther,Place,,29-Jun-15,05-May-16
MACGREGOR,59,12,,4,Luther,Place,,,,,29-Jun-15,05-May-16
MACGREGOR,60,20,,190,Osburn,Drive,,,,,29-Jun-15,05-May-16
MACGREGOR,66,21,,55,Brownless,Street,,,,,29-Jun-15,17-May-16
MACGREGOR,66,29,,15,Sewell,Place,,,,,29-Jun-15,05-May-16
MACGREGOR,74,9,,358,Southern Cross,Drive,,,,,29-Jun-15,05-May-16
MACGREGOR,80,3,,12,Clode,Crescent,,,,,29-Jun-15,05-May-16
MACGREGOR,84,1,,7,Hone,Place,,,,,29-Jun-15,31-May-16
MACGREGOR,85,21,,118,Osburn,Drive,,,,,29-Jun-15,10-Feb-16
MACGREGOR,86,1,,19,Graham,Street,,,,,29-Jun-15,05-May-16
MACGREGOR,89,33,,3,Wassell,Place,,,,,29-Jun-15,18-Oct-17
MACGREGOR,92,7,,1,Marks,Place,31,Kirkland,Circuit,,29-Jun-15,05-May-16
MACQUARIE,1,16,,60,Arndell,Street,,,,,29-Jun-15,25-May-17
MACQUARIE,2,11,,23,Richmond,Street,,,,,29-Jun-15,10-Jul-17
MACQUARIE,4,5,,11,Wylde,Place,,,,,29-Jun-15,
MACQUARIE,9,32,,50,Lachlan,Street,,,,,29-Jun-15,10-Jul-17
MACQUARIE,16,11,,23,Lachlan,Street,,,,,29-Jun-15,10-Jul-17
MACQUARIE,17,6,,37,Goulburn,Place,37,Goulburn,Street,,29-Jun-15,10-Jul-17
MACQUARIE,22,2,,3,Erskine,Street,,,,,29-Jun-15,25-May-17
MACQUARIE,27,27,,24,Castlereagh,Crescent,,,,,29-Jun-15,10-Jul-17
MACQUARIE,28,38,,3,Nepean,Place,,,,,29-Jun-15,10-Jul-17
MACQUARIE,28,4,,13,Bathurst,Place,,,,,29-Jun-15,13-Apr-18
MACQUARIE,28,45,,3,Castlereagh,Crescent,,,,,29-Jun-15,29-Jun-19
MACQUARIE,29,13,,26,Elizabeth,Crescent,,,,,29-Jun-15,10-Jul-17
MACQUARIE,29,33,,41,Liverpool,Street,,,,,29-Jun-15,25-May-17
MACQUARIE,36,7,8,77,Blackman,Crescent,,,,,29-Jun-15,
MACQUARIE,36,7,5,8,Lachlan,Street,,,,,29-Jun-15,
MAWSON,4,4,,8,Markham,Street,,,,,29-Jun-15,07-Nov-17
MAWSON,15,6,,29,Ainsworth,Street,,,,,29-Jun-15,09-Dec-20
MAWSON,18,19,,13,Rymill,Place,,,,,29-Jun-15,19-May-23
MAWSON,23,7,,32,Debenham,Street,1,Hannam,Place,,29-Jun-15,07-Dec-17
MAWSON,29,4,,8,Laseron,Place,,,,,29-Jun-15,19-Jan-18
MAWSON,29,8,,16,Laseron,Place,,,,,29-Jun-15,28-Sep-18
MAWSON,33,3,,43,Bernacchi,Street,,,,,29-Jun-15,14-Dec-21
MAWSON,38,4,,7,Mawson,Drive,,,,,29-Jun-15,13-Nov-17
MAWSON,39,25,,89,Shackleton,Circuit,,,,,29-Jun-15,07-Dec-17
MAWSON,41,18,,37,Wilkins,Street,,,,,29-Jun-15,19-Jan-18
MAWSON,41,4,,8,Toutcher,Street,155,Shackleton,Circuit,,29-Jun-15,19-Jan-18
MAWSON,43,2,,4,Hoseason,Street,,,,,29-Jun-15,07-Dec-17
MAWSON,44,1,,19,Macrobertson,Street,,,,,29-Jun-15,21-Dec-17
MAWSON,45,30,,8,Hoadley,Street,,,,,29-Jun-15,19-Jan-18
MELBA,2,1,,9,Bainton,Crescent,,,,,29-Jun-15,21-Aug-17
MELBA,3,8,,49,Bainton,Crescent,1,Carey,Place,,29-Jun-15,27-Nov-18
MELBA,4,24,,58,Bainton,Crescent,,,,,29-Jun-15,27-Jul-17
MELBA,5,2,,8,Bainton,Crescent,,,,,29-Jun-15,30-Aug-17
MELBA,5,22,,137,Kingsford Smith,Drive,,,,,29-Jun-15,18-Apr-16
MELBA,5,3,,10,Bainton,Crescent,,,,,29-Jun-15,16-Aug-17
MELBA,5,8,,20,Bainton,Crescent,,,,,29-Jun-15,28-Sep-18
MELBA,6,25,,11,Saville,Close,,,,,29-Jun-15,10-Jul-17
MELBA,10,15,,10,Linger,Place,,,,,29-Jun-15,10-Jul-17
MELBA,10,19,,9,Linger,Place,,,,,29-Jun-15,10-Jul-17
MELBA,11,12,,15,Crossley,Close,,,,,29-Jun-15,10-Jul-17
MELBA,13,17,,8,Flower,Place,,,,,29-Jun-15,24-Nov-15
MELBA,16,19,,4,Orchard,Place,,,,,29-Jun-15,10-Jul-17
MELBA,16,20,,6,Orchard,Place,,,,,29-Jun-15,10-Jul-17
MELBA,16,22,,10,Orchard,Place,,,,,29-Jun-15,10-Jul-17
MELBA,20,23,,107,Copland,Drive,2,McEachern,Crescent,,29-Jun-15,27-Jul-17
MELBA,23,17,,79,Copland,Drive,,,,,29-Jun-15,10-Aug-17
MELBA,28,15,,9,Horsley,Crescent,,,,,29-Jun-15,27-Jul-17
MELBA,31,18,,21,Sherwin,Place,,,,,29-Jun-15,10-Aug-17
MELBA,32,5,,32,Stewart,Crescent,,,,,29-Jun-15,27-Jul-17
MELBA,37,10,,22,Verbrugghen,Street,,,,,29-Jun-15,10-Aug-17
MELBA,48,33,,2,Lyster,Place,7,Chinner,Crescent,,29-Jun-15,19-Jan-18
MELBA,49,3,,8,Keats,Place,,,,,29-Jun-15,07-Apr-16
NARRABUNDAH,33,1,,72,Warramoo,Crescent,80,Kootara,Crescent,,29-Jun-15,25-Jul-16
NARRABUNDAH,33,36,,56,Warramoo,Crescent,,,,,29-Jun-15,25-Jul-16
NARRABUNDAH,36,13,,20,Narambi,Street,,,,,29-Jun-15,29-Aug-16
NARRABUNDAH,36,17,,52,Boolimba,Crescent,,,,,29-Jun-15,10-Nov-17
NARRABUNDAH,36,2,,17,Lumeah,Street,,,,,29-Jun-15,30-Aug-17
NARRABUNDAH,36,3,,15,Lumeah,Street,,,,,29-Jun-15,25-May-17
NARRABUNDAH,42,18,,83,Sturt,Avenue,,,,,29-Jun-15,01-Dec-16
NARRABUNDAH,43,16,,73,Sturt,Avenue,,,,,29-Jun-15,29-Nov-16
NARRABUNDAH,44,2,,21,Sturt,Avenue,,,,,29-Jun-15,06-May-22
NARRABUNDAH,50,21,,44,McKinlay,Street,,,,,29-Jun-15,15-Sep-17
NARRABUNDAH,50,42,,2,Bayley,Street,35,Strzelecki,Crescent,,29-Jun-15,06-Sep-16
NARRABUNDAH,50,48,,14,Bayley,Street,,,,,29-Jun-15,06-Sep-16
NARRABUNDAH,51,17,,32,Strzelecki,Crescent,83,Stuart,Street,,29-Jun-15,29-Apr-16
NARRABUNDAH,51,18,,81,Stuart,Street,,,,,29-Jun-15,29-Apr-16
NARRABUNDAH,55,13,,21,Lindsay,Street,,,,,29-Jun-15,03-Dec-20
NARRABUNDAH,56,48,,92,Stuart,Street,,,,,29-Jun-15,13-Sep-16
NARRABUNDAH,73,25,,25,Caley,Crescent,,,,,29-Jun-15,13-Sep-16
NARRABUNDAH,80,20,,5,Dalrymple,Street,,,,,29-Jun-15,29-Aug-16
NARRABUNDAH,95,29,,264,Goyder,Street,,,,,29-Jun-15,10-Jan-23
NARRABUNDAH,96,13,,246,Goyder,Street,,,,,29-Jun-15,16-Sep-16
NICHOLLS,83,10,Deasland Homestead,24,Edie Payne,Close,1132,Barton,Highway,,29-Jun-15,26-Apr-22
O'CONNOR,5,8,2,183A,Miller,Street,,,,,29-Jun-15,21-Feb-19
O'CONNOR,13,13,,25,Hovea,Street,33,Scrivener,Street,,29-Jun-15,09-Mar-17
O'CONNOR,13,3,,53,Scrivener,Street,,,,,29-Jun-15,11-Oct-19
O'CONNOR,19,19,,16,Grevillea,Street,17,Clianthus,Street,,29-Jun-15,09-Mar-17
O'CONNOR,19,3,,13,Dianella,Street,,,,,29-Jun-15,05-Oct-17
O'CONNOR,26,17,,11,Macarthur,Avenue,,,,,29-Jun-15,09-Mar-17
O'CONNOR,30,26,,6,Quandong,Street,,,,,29-Jun-15,27-Feb-17
O'CONNOR,32,43,1,31,Nardoo,Crescent,,,,,29-Jun-15,26-Oct-18
O'CONNOR,36,10,,10,Quinn,Street,,,,,29-Jun-15,09-Mar-17
O'CONNOR,37,2,,20,Macarthur,Avenue,,,,,29-Jun-15,04-Feb-19
O'CONNOR,43,19,,114,Macarthur,Avenue,,,,,29-Jun-15,21-Feb-17
O'CONNOR,52,32,,12A,Hardman,Street,,,,,29-Jun-15,07-Feb-17
O'CONNOR,52,6,,28,Moorhouse,Street,,,,,29-Jun-15,09-Mar-17
O'CONNOR,53,30,,30,Miller,Street,,,,,29-Jun-15,27-Feb-17
O'CONNOR,84,15,,5,Hemmant,Street,,,,,29-Jun-15,04-Apr-17
PAGE,12,13,,17,Neumayer,Street,,,,,29-Jun-15,18-Jan-17
PAGE,30,2,,33,Hannaford,Street,49,Luehmann,Street,,29-Jun-15,18-Oct-17
PAGE,31,1,,32,Luehmann,Street,29,Hannaford,Street,,29-Jun-15,31-Jan-18
PAGE,32,14,,56,Belconnen,Way,,,,,29-Jun-15,29-Nov-17
PAGE,36,15,,7,De Vis,Place,,,,,29-Jun-15,29-Nov-17
PEARCE,1,7,,9,Blackburn,Street,,,,,29-Jun-15,17-Feb-17
PEARCE,2,12,,24,Blackburn,Street,,,,,29-Jun-15,07-Feb-17
PEARCE,2,25,,3,Collings,Street,,,,,29-Jun-15,07-Feb-17
PEARCE,3,20,,14,Clarkson,Street,,,,,29-Jun-15,07-Feb-17
PEARCE,5,1,,22,Whitelaw,Street,,,,,29-Jun-15,07-Feb-17
PEARCE,5,6,,30,Julius,Street,,,,,29-Jun-15,11-May-17
PEARCE,5,7,,32,Julius,Street,,,,,29-Jun-15,04-Apr-17
PEARCE,6,17,,29,Julius,Street,,,,,29-Jun-15,24-Mar-17
PEARCE,6,18,,27,Julius,Street,,,,,29-Jun-15,24-Mar-17
PEARCE,6,19,,25,Julius,Street,,,,,29-Jun-15,04-Apr-17
PEARCE,6,21,,21,Julius,Street,,,,,29-Jun-15,24-Mar-17
PEARCE,6,9,,3,Julius,Street,,,,,29-Jun-15,07-Mar-17
PEARCE,8,1,,14,McNamara,Street,,,,,29-Jun-15,25-May-17
PEARCE,10,18,,30,Hodgson,Crescent,,,,,29-Jun-15,21-Jun-17
PEARCE,11,1,,8,Shepherd,Street,2,Trumble,Street,,29-Jun-15,08-Apr-16
PEARCE,13,36,,28,Shepherd,Street,,,,,29-Jun-15,21-Apr-17
PEARCE,13,9,,52,Collings,Street,,,,,29-Jun-15,10-Feb-16
PEARCE,14,37,,27,Cumberlege,Crescent,99,Macfarland,Crescent,,29-Jun-15,13-Apr-17
PEARCE,16,14,,22,Cumberlege,Crescent,,,,,29-Jun-15,13-Apr-17
PEARCE,16,16,,95,Macfarland,Crescent,95A,Macfarland,Crescent,,29-Jun-15,13-Apr-17
PEARCE,16,5,,4,Cumberlege,Crescent,,,,,29-Jun-15,13-Apr-17
PEARCE,16,8,,10,Cumberlege,Crescent,,,,,29-Jun-15,15-Nov-17
PEARCE,18,1,,1,Sheehan,Street,76,Macfarland,Crescent,,29-Jun-15,01-Mar-17
PEARCE,18,9,,92,Macfarland,Crescent,,,,,29-Jun-15,01-Mar-17
PEARCE,19,10,,20,McLaren,Crescent,,,,,29-Jun-15,01-Mar-17
PEARCE,19,27,,1,Anstey,Street,21,Sheehan,Street,,29-Jun-15,01-Mar-17
PEARCE,28,4,,8,Biddlecombe,Street,,,,,29-Jun-15,03-Mar-16
PEARCE,31,32,,28,Beasley,Street,,,,,29-Jun-15,02-Jun-17
PEARCE,34,8,,5,Pendred,Street,,,,,29-Jun-15,31-Jan-18
PEARCE,34,9,,3,Pendred,Street,,,,,29-Jun-15,27-Feb-17
PEARCE,40,9,,4,Tubb,Place,,,,,29-Jun-15,11-May-17
PEARCE,44,20,,16,Leighton,Street,,,,,29-Jun-15,25-May-17
PEARCE,44,7,,11,Brinsmead,Street,,,,,29-Jun-15,21-Jun-17
PEARCE,44,9,,7,Brinsmead,Street,,,,,29-Jun-15,03-May-17
PEARCE,48,10,,6,Gepp,Place,,,,,29-Jun-15,02-Jun-17
PEARCE,48,7,,62,Beasley,Street,,,,,29-Jun-15,02-Jun-17
PHILLIP,61,14,,4,Oldham,Court,,,,,29-Jun-15,26-Oct-18
PHILLIP,61,16,,2A,Oldham,Court,,,,,29-Jun-15,26-Oct-18
RED HILL,8,8,,41,Quiros,Street,,,,,29-Jun-15,06-Sep-16
RED HILL,11,9,,142,Monaro,Crescent,,,,,29-Jun-15,16-Sep-16
RED HILL,16,7,,50,Mugga,Way,,,,,29-Jun-15,01-Aug-16
RED HILL,23,21,,258,La Perouse,Street,,,,,29-Jun-15,06-Sep-16
RED HILL,36,20,,6,Mermaid,Street,,,,,29-Jun-15,16-Sep-16
RED HILL,38,1,,97,Mugga,Way,3,Reliance,Street,,29-Jun-15,05-Oct-17
RED HILL,51,1,,78,Mugga,Way,,,,,29-Jun-15,08-Sep-17
REID,28,5,,23,Dirrawan,Gardens,,,,,29-Jun-15,24-Nov-16
REID,30,1,,36,Elimatta,Street,60,Coranderrk,Street,,18-Aug-21,06-May-22
REID,31,3,,72,Coranderrk,Street,,,,,29-Jun-15,18-Jan-17
REID,37,3,,46,Euree,Street,,,,,29-Jun-15,02-Aug-16
RIVETT,1,19,,25,Darwinia,Terrace,,,,,29-Jun-15,17-May-16
RIVETT,7,29,,14,Croton,Street,,,,,29-Jun-15,17-May-16
RIVETT,10,12,,5,Mallee,Place,,,,,29-Jun-15,16-Jul-19
RIVETT,10,18,,8,Morrell,Place,,,,,29-Jun-15,08-Jun-16
RIVETT,10,9,,10,Mallee,Place,,,,,29-Jun-15,17-May-16
RIVETT,13,21,,12,Epacris,Place,,,,,29-Jun-15,17-May-16
RIVETT,18,28,,32,Carbeen,Street,,,,,29-Jun-15,21-Feb-17
RIVETT,19,5,,61,Carbeen,Street,,,,,29-Jun-15,07-Dec-17
RIVETT,24,10,,9,Gungurra,Crescent,,,,,29-Jun-15,17-May-16
RIVETT,26,4,,5,Cedrela,Place,,,,,29-Jun-15,17-May-16
RIVETT,30,18,,109,Bangalay,Crescent,,,,,29-Jun-15,10-Feb-16
RIVETT,33,8,,15,Rapanea,Street,,,,,29-Jun-15,09-Jun-16
RIVETT,34,12,,84,Streeton,Drive,,,,,29-Jun-15,08-Mar-16
RIVETT,34,16,,92,Streeton,Drive,,,,,29-Jun-15,21-Feb-17
RIVETT,34,24,,6,Rapanea,Street,,,,,29-Jun-15,24-Mar-16
RIVETT,34,8,,76,Streeton,Drive,,,,,29-Jun-15,24-Mar-16
RIVETT,35,24,,11,Salsola,Street,,,,,29-Jun-15,31-May-16
RIVETT,36,23,,143,Darwinia,Terrace,,,,,29-Jun-15,16-Mar-16
RIVETT,37,44,,3,Yate,Gardens,,,,,29-Jun-15,10-Feb-16
RIVETT,41,16,,127,Darwinia,Terrace,,,,,29-Jun-15,07-Apr-16
RIVETT,42,16,,28,Kanooka,Street,,,,,29-Jun-15,16-Mar-16
RIVETT,42,17,,30,Kanooka,Street,,,,,29-Jun-15,24-Mar-16
RIVETT,42,2,,37,Nelumbo,Street,,,,,29-Jun-15,07-Apr-16
RIVETT,44,13,,5,Goodenia,Street,,,,,29-Jun-15,25-Sep-20
RIVETT,45,24,,6,Goodenia,Street,,,,,29-Jun-15,31-May-16
RIVETT,56,22,,41,Pavonia,Street,,,,,29-Jun-15,17-May-16
RIVETT,56,23,,39,Pavonia,Street,,,,,4-Feb-20,30-Nov-22
RIVETT,56,34,,17,Pavonia,Street,,,,,29-Jun-15,09-Jul-19
SCULLIN,4,31,,8,McGinness,Street,,,,,29-Jun-15,06-Apr-18
SCULLIN,10,6,,6,Shiers,Place,,,,,29-Jun-15,10-Jul-17
SCULLIN,18,6,,4,Jindivik,Place,,,,,29-Jun-15,16-Aug-17
SCULLIN,18,7,,6,Jindivik,Place,,,,,29-Jun-15,16-Aug-17
SCULLIN,19,2,,10,Ulm,Street,,,,,29-Jun-15,23-Aug-17
SCULLIN,24,14,,28,McIntosh,Street,,,,,29-Jun-15,21-Jul-17
SCULLIN,28,8,,1,McIntosh,Street,5,McGinness,Street,,29-Jun-15,27-Jul-17
SCULLIN,30,9,,18,Parer,Place,,,,,29-Jun-15,10-Feb-16
SCULLIN,36,15,,36,Kauper,Street,44,Hinkler,Street,,29-Jun-15,21-Aug-17
SCULLIN,36,23,,60,Hinkler,Street,,,,,29-Jun-15,30-Aug-17
SCULLIN,37,2,,57,Hinkler,Street,,,,,29-Jun-15,16-Aug-17
SCULLIN,39,12,,7,Kauper,Street,,,,,29-Jun-15,21-Jul-17
SCULLIN,47,1,,33,Levien,Street,2,Barlow,Street,,29-Jun-15,12-Apr-19
SPENCE,19,20,,76,Baddeley,Crescent,,,,,29-Jun-15,10-Jul-17
SPENCE,19,36,,18,Crofts,Crescent,,,,,29-Jun-15,01-May-17
SPENCE,30,20,,17,Boote,Street,,,,,29-Jun-15,13-Apr-17
SPENCE,45,17,,16,Hancock,Street,,,,,29-Jun-15,24-Mar-17
SPENCE,47,11,,1,Standbridge,Place,81,Baddeley,Crescent,,29-Jun-15,26-Oct-21
SPENCE,49,9,,6,Wallis,Place,,,,,29-Jun-15,24-Mar-17
SPENCE,54,7,,29,Alpen,Street,,,,,29-Jun-15,21-Jun-17
SPENCE,55,6,,8,Broadby,Close,,,,,29-Jun-15,24-Mar-17
SPENCE,58,6,,37,Bennet,Street,169,Copland,Drive,,29-Jun-15,21-Apr-17
SPENCE,59,9,,23,Bennet,Street,,,,,29-Jun-15,10-Jul-17
SPENCE,61,2,,149,Copland,Drive,,,,,29-Jun-15,13-Apr-17
STIRLING,6,16,,26,Reveley,Crescent,,,,,29-Jun-15,14-Nov-16
STIRLING,6,37,,159,Streeton,Drive,,,,,29-Jun-15,
STIRLING,7,26,,2,Wollaston,Place,9,Reveley,Crescent,,29-Jun-15,05-Nov-16
STIRLING,13,14,,12,Frayne,Place,,,,,29-Jun-15,07-Feb-17
STIRLING,16,10,,51,Bunbury,Street,,,,,29-Jun-15,15-Nov-16
STIRLING,20,1,,27,Shenton,Crescent,31,Wittenoom,Crescent,,29-Jun-15,15-Nov-16
STIRLING,20,12,,9,Wittenoom,Crescent,,,,,29-Jun-15,07-Feb-17
STIRLING,20,16,,29,Shenton,Crescent,1,Wittenoom,Crescent,,29-Jun-15,22-Nov-16
STIRLING,21,22,,46,Wittenoom,Crescent,,,,,29-Jun-15,01-Dec-16
TENNENT,0,124,Hughies Cottage,244,Apollo,Road,,,,,29-Jun-15,14-Oct-16
TORRENS,3,6,,6,Batchelor,Street,,,,,29-Jun-15,06-Mar-18
TORRENS,7,27,,31,Jefferis,Street,,,,,29-Jun-15,23-Jan-18
TORRENS,7,30,,25,Jefferis,Street,,,,,29-Jun-15,23-Jan-18
TORRENS,8,17,,10,Jefferis,Street,,,,,29-Jun-15,15-Feb-18
TORRENS,8,19,,14,Jefferis,Street,,,,,29-Jun-15,23-Jan-18
TORRENS,8,4,,22,Jefferis,Street,,,,,29-Jun-15,23-Jan-18
TORRENS,9,11,,1,Jefferis,Street,13,Wyatt,Street,,29-Jun-15,06-Mar-18
TORRENS,9,13,,43,Kavel,Street,,,,,29-Jun-15,31-Jan-18
TORRENS,10,44,,45,Beasley,Street,,,,,29-Jun-15,22-Feb-18
TORRENS,11,12,,18,Hawker,Street,,,,,29-Jun-15,07-Nov-17
TORRENS,11,16,,26,Hawker,Street,,,,,29-Jun-15,07-Nov-17
TORRENS,11,7,,8,Hawker,Street,,,,,29-Jun-15,07-Nov-17
TORRENS,12,1,,36,Hawker,Street,,,,,29-Jun-15,07-Nov-17
TORRENS,12,14,,62,Hawker,Street,,,,,29-Jun-15,29-Nov-17
TORRENS,12,8,,50,Hawker,Street,,,,,29-Jun-15,07-Nov-17
TORRENS,14,3,,7,Hawker,Street,2,Howchin,Place,,29-Jun-15,07-Nov-17
TORRENS,16,1,,1,Hawker,Street,90,Beasley,Street,,29-Jun-15,13-Nov-17
TORRENS,18,5,,4,Wyatt,Street,,,,,29-Jun-15,23-Jan-18
TORRENS,18,9,,12,Wyatt,Place,,,,,29-Jun-15,24-Mar-16
TORRENS,19,3,,6,Howard,Street,,,,,29-Jun-15,22-Feb-18
TORRENS,26,9,,34,Parsons,Street,,,,,29-Jun-15,06-Mar-18
TORRENS,29,12,,34,Basedow,Street,,,,,29-Jun-15,19-Mar-18
TORRENS,29,21,,44,Basedow,Street,,,,,29-Jun-15,07-Nov-17
TORRENS,29,3,,80,Hawker,Street,,,,,29-Jun-15,07-Nov-17
TORRENS,32,26,,68,Gouger,Street,,,,,29-Jun-15,19-Mar-18
TORRENS,32,29,,74,Gouger,Street,,,,,29-Jun-15,06-Apr-18
TORRENS,32,8,,33,Darke,Street,,,,,29-Jun-15,21-Dec-17
TORRENS,33,9,,18,Darke,Street,,,,,29-Jun-15,21-Dec-17
TORRENS,34,10,,9,Darke,Street,,,,,29-Jun-15,12-Dec-16
TORRENS,34,3,,2,Davies,Place,11,Basedow,Street,,29-Jun-15,06-Apr-18
TORRENS,40,12,,34,Gouger,Street,43,Brookman,Street,,29-Jun-15,31-Jan-18
TORRENS,40,14,,39,Brookman,Street,,,,,29-Jun-15,21-Dec-17
TURNER,28,8,,29,Hackett,Gardens,,,,,29-Jun-15,21-Aug-19
TURNER,47,7,,6,Holder,Street,,,,,29-Jun-15,27-Feb-17
TURNER,61,17,1,16A,Towns,Crescent,,,,,29-Jun-15,09-Jul-19
WANNIASSA,105,2,,4,O`Hea,Street,,,,,29-Jun-15,20-Feb-18
WANNIASSA,136,16,,7,Keys,Crescent,,,,,29-Jun-15,14-Jun-18
WANNIASSA,138,28,,81,Sternberg,Crescent,,,,,29-Jun-15,30-Nov-15
WANNIASSA,138,6,,60,Guthridge,Crescent,,,,,29-Jun-15,16-Dec-15
WANNIASSA,145,6,,7,Illingworth,Street,,,,,29-Jun-15,20-Feb-18
WANNIASSA,147,4,,1,Moule,Place,68,Wheeler,Crescent,,29-Jun-15,29-Apr-16
WANNIASSA,150,66,,34,Sternberg,Crescent,,,,,29-Jun-15,20-Feb-18
WANNIASSA,152,1,,15,Gair,Place,,,,,29-Jun-15,19-Mar-18
WANNIASSA,152,2,,13,Gair,Place,,,,,29-Jun-15,06-Apr-18
WANNIASSA,152,5,,7,Gair,Place,,,,,29-Jun-15,11-May-18
WANNIASSA,152,9,,17,Forlonge,Street,,,,,29-Jun-15,10-Jul-18
WANNIASSA,155,1,,15,McCombie,Street,30,Cuthbert,Circuit,,29-Jun-15,20-Feb-18
WANNIASSA,155,16,,22,Cuthbert,Circuit,,,,,29-Jun-15,20-Feb-18
WANNIASSA,155,19,,28,Cuthbert,Circuit,,,,,29-Jun-15,11-May-18
WANNIASSA,155,6,,5,McCombie,Street,,,,,29-Jun-15,06-Apr-18
WANNIASSA,158,9,,15,McBryde,Crescent,,,,,29-Jun-15,06-Apr-18
WANNIASSA,161,1,,13,Mackinnon,Street,2,Watkins,Street,,29-Jun-15,06-Apr-18
WANNIASSA,205,17,,31,Longmore,Crescent,1,Wilkie,Place,,29-Jun-15,19-Mar-18
WANNIASSA,208,14,,12,Sainsbury,Street,,,,,29-Jun-15,11-May-18
WANNIASSA,208,6,,70,Longmore,Crescent,,,,,29-Jun-15,11-May-18
WANNIASSA,243,40,,46,Balfour,Crescent,,,,,29-Jun-15,18-May-18
WANNIASSA,246,32,,1,Halfrey,Circuit,227,Wheeler,Crescent,,29-Jun-15,11-May-18
WANNIASSA,259,6,,13,Byrne,Street,,,,,29-Jun-15,29-Apr-16
WARAMANGA,6,14,,20,Garanya,Street,,,,,29-Jun-15,11-Apr-16
WARAMANGA,9,10,,30,Larakia,Street,,,,,29-Jun-15,12-Dec-16
WARAMANGA,9,13,,36,Larakia,Street,,,,,29-Jun-15,15-Dec-16
WARAMANGA,9,28,,15,Malara,Street,,,,,29-Jun-15,24-Oct-16
WARAMANGA,14,12,,31,Larakia,Street,,,,,29-Jun-15,01-Dec-16
WARAMANGA,14,4,,12,Yanda,Street,,,,,29-Jun-15,17-Feb-17
WARAMANGA,14,7,,18,Yanda,Street,,,,,29-Jun-15,25-Jun-19
WARAMANGA,14,8,,20,Yanda,Street,,,,,29-Jun-15,15-Dec-16
WARAMANGA,16,7,,14,Badimara,Street,,,,,29-Jun-15,12-Dec-16
WARAMANGA,22,2,,13,Tiwi,Place,,,,,29-Jun-15,14-Nov-16
WARAMANGA,24,12,,50,Badimara,Street,,,,,29-Jun-15,12-Dec-16
WARAMANGA,24,7,,40,Badimara,Street,,,,,29-Jun-15,17-Nov-16
WARAMANGA,26,4,,32,Gamor,Street,,,,,29-Jun-15,01-Dec-16
WARAMANGA,27,11,,6,Dalabon,Crescent,,,,,29-Jun-15,15-Nov-16
WARAMANGA,27,19,,48,Gamor,Street,,,,,29-Jun-15,16-Jan-17
WARAMANGA,27,3,,12,Warrai,Place,,,,,29-Jun-15,22-Nov-16
WARAMANGA,32,23,,22,Nemarang,Crescent,,,,,29-Jun-15,01-Dec-16
WARAMANGA,34,16,,14,Nangor,Street,,,,,29-Jun-15,10-Feb-16
WATSON,5,16,,37,Molesworth,Street,,,,,29-Jun-15,10-Feb-16
WATSON,5,28,,9,Dodds,Place,,,,,29-Jun-15,21-Jul-16
WATSON,9,12,,17,Mccawley,Street,,,,,29-Jun-15,29-Aug-16
WATSON,16,27,,18,Stow,Place,,,,,29-Jun-15,23-Aug-17
WATSON,16,4,,17,Wade,Street,,,,,29-Jun-15,21-Jul-16
WATSON,22,18,,43,Knox,Street,43,Dickinson,Street,,29-Jun-15,17-Dec-19
WATSON,24,4,,7,Holroyd,Street,,,,,29-Jun-15,07-Feb-17
WATSON,28,17,,6,Kerferd,Street,,,,,29-Jun-15,12-Aug-16
WATSON,30,2,,28,Simpson,Street,,,,,29-Jun-15,01-Aug-16
WATSON,30,4,,32,Simpson,Street,,,,,29-Jun-15,12-Aug-16
WATSON,32,6,,57,Williams,Street,,,,,29-Jun-15,25-Jul-16
WATSON,45,12,,12,Hearn,Street,38,Cullen,Street,,29-Jun-15,10-Feb-16
WATSON,47,19,,119,Irvine,Street,2,Foster,Place,,29-Jun-15,23-Sep-16
WATSON,51,1,,22,Blair,Street,,,,,29-Jun-15,01-Aug-16
WATSON,51,21,,18,Blair,Street,,,,,29-Jun-15,25-Jul-16
WATSON,54,6,,5,Dowling,Street,,,,,29-Jun-15,
WEETANGERA,3,23,,35,Gillespie,Street,,,,,29-Jun-15,02-Jun-17
WEETANGERA,5,1,,23,Kinleyside,Crescent,,,,,29-Jun-15,25-May-17
WEETANGERA,6,15,,32,Kinleyside,Crescent,,,,,29-Jun-15,10-Jul-17
WEETANGERA,10,36,,9,Mayo,Street,,,,,29-Jun-15,18-Apr-16
WEETANGERA,11,15,,11,Bambridge,Street,,,,,29-Jun-15,25-May-17
WEETANGERA,17,3,,26,Mayo,Street,63,Bambridge,Street,,29-Jun-15,10-Jul-17
WEETANGERA,22,9,,2,Davis,Street,6,Southwell,Street,,29-Jun-15,11-May-17
WEETANGERA,23,5,,51,Springvale,Drive,,,,,29-Jun-15,25-May-17
WEETANGERA,25,13,,44,Davis,Street,,,,,29-Jun-15,08-Mar-16
WEETANGERA,26,1,,3,O`Rourke,Street,,,,,29-Jun-15,30-Nov-15
WEETANGERA,28,2,,7,McKeahnie,Street,,,,,29-Jun-15,
WEETANGERA,29,10,,8,McKeahnie,Street,,,,,29-Jun-15,25-May-17
WEETANGERA,33,2,,68,Southwell,Street,,,,,29-Jun-15,25-May-17
WEETANGERA,36,22,,36,Abernethy,Street,,,,,29-Jun-15,21-Dec-17
WEETANGERA,44,1,,112,Shumack,Street,,,,,29-Jun-15,21-Jun-17
WEETANGERA,45,22,,131,Springvale,Drive,,,,,29-Jun-15,
WEETANGERA,45,26,,123,Springvale,Drive,,,,,29-Jun-15,02-Jun-17
WESTON,3,12,,7,Rivers,Street,,,,,29-Jun-15,20-Sep-16
WESTON,4,10,,22,Rivers,Street,,,,,29-Jun-15,20-Sep-16
WESTON,6,16,,58,Heysen,Street,,,,,29-Jun-15,16-Jan-17
WESTON,8,9,,24,Bunny,Street,,,,,29-Jun-15,16-Dec-16
WESTON,9,1,,97,Hilder,Street,,,,,29-Jun-15,16-Dec-16
WESTON,9,12,,75,Hilder,Street,,,,,29-Jun-15,15-Nov-16
WESTON,9,21,,10,Fullwood,Street,,,,,29-Jun-15,08-Mar-16
WESTON,11,3,,34,Fullwood,Street,,,,,29-Jun-15,29-Nov-16
WESTON,12,6,,1,Rowell,Place,,,,,29-Jun-15,29-Nov-16
WESTON,13,14,,43,Meldrum,Street,,,,,29-Jun-15,16-Sep-16
WESTON,13,18,,35,Meldrum,Street,,,,,29-Jun-15,16-Sep-16
WESTON,15,11,,44,Lycett,Street,,,,,29-Jun-15,16-Dec-16
WESTON,16,11,,22,Lycett,Street,,,,,29-Jun-15,23-Jan-18
WESTON,16,7,,14,Lycett,Street,,,,,29-Jun-15,16-Jan-17
WESTON,17,10,,5,Lycett,Street,,,,,29-Jun-15,13-Sep-16
WESTON,18,4,,8,McCubbin,Street,,,,,29-Jun-15,16-Dec-16
WESTON,29,14,,8,Martens,Crescent,,,,,29-Jun-15,16-Dec-16
WESTON,30,1,,1,Martens,Crescent,64,Hilder,Street,,29-Jun-15,15-Nov-16
WESTON,31,7,,1,Leist,Street,34,Martens,Crescent,,29-Jun-15,15-Nov-16
WESTON,39,5,,29,Hopkins,Street,,,,,29-Jun-15,10-Feb-16
WESTON,40,7,,4,Shirlow,Place,,,,,29-Jun-15,29-Nov-16
WESTON,42,17,,39,Buvelot,Street,,,,,29-Jun-15,10-Jan-17
WESTON,43,6,,38,Buvelot,Street,,,,,26-Mar-20,25-May-22
WESTON,49,8,,68,Buvelot,Street,,,,,29-Jun-15,27-Feb-17
WESTON,50,13,,69,Buvelot,Street,,,,,29-Jun-15,07-Feb-17
WESTON,50,14,,67,Buvelot,Street,,,,,29-Jun-15,15-Dec-16
WESTON,50,15,,65,Buvelot,Street,,,,,29-Jun-15,13-Apr-17
WESTON,50,18,,59,Buvelot,Street,,,,,29-Jun-15,17-Feb-17
WESTON,50,19,,57,Buvelot,Street,,,,,29-Jun-15,09-Feb-17
WESTON,50,2,,24,Rubbo,Crescent,,,,,29-Jun-15,21-Feb-17
WESTON,50,9,,38,Rubbo,Crescent,,,,,29-Jun-15,09-Feb-17
WESTON,71,12,,27,Wakelin,Circuit,,,,,29-Jun-15,09-Feb-17
YARRALUMLA,9,26,,78,Banks,Street,,,,,29-Jun-15,29-Nov-19
YARRALUMLA,25,11,,1,Hunter,Street,10,Clarke,Street,,29-Jun-15,21-Dec-17
YARRALUMLA,27,30,,90,Hopetoun,Circuit,,,,,29-Jun-15,21-Jul-17
YARRALUMLA,48,1,,46,Weston,Street,14,Cambage,Street,,29-Jun-15,
YARRALUMLA,55,12,,10,Drummond,Row,,,,,29-Jun-15,19-Jan-18
YARRALUMLA,55,13,,12,Drummond,Row,,,,,29-Jun-15,19-Jan-18
YARRALUMLA,61,16,,8,Banks,Street,,,,,29-Jun-15,16-Jul-19
YARRALUMLA,74,11,,87,Hopetoun,Circuit,,,,,29-Jun-15,10-Jul-17
YARRALUMLA,74,5,1,99,Hopetoun,Circuit,99,Hopetoun,Circuit,,29-Jun-15,
YARRALUMLA,75,19,,14,Musgrave,Street,,,,,29-Jun-15,10-Jul-17
YARRALUMLA,76,5,,15,Musgrave,Street,,,,,29-Jun-15,10-Jul-17
YARRALUMLA,78,11,,18,Rodway,Street,,,,,29-Jun-15,27-Jul-17
YARRALUMLA,92,10,,4,Fraser,Place,,,,,29-Jun-15,28-Sep-16
YARRALUMLA,92,8,,12,Kintore,Crescent,11,Novar,Street,,29-Jun-15,10-Sep-15
YARRALUMLA,92,9,1,2,Fraser,Place,,,,,29-Jun-15,23-Sep-16
